Latitude,Longitude,STATEFP,STATEFP (SORTED),STATEFP(NON-REFERENCE),STATE,SOYBEAN MATURITY GROUP,,,,Number,State,MATURITY GROUP
25.646308,-81.25,10,10,1,ALABAMA,5,,,,1,ALABAMA,5
25.646308,-80.625,10,10,1,ALABAMA,5,,,,2,ALASKA,
26.271308,-98.125,12,12,1,ALABAMA,5,,,,4,ARIZONA,5
26.271308,-97.5,12,12,1,ALABAMA,5,,,,5,ARKANSAS,5
26.271308,-81.25,12,12,1,ALABAMA,5,,,,6,CALIFORNIA,5
26.271308,-80.625,12,12,1,ALABAMA,5,,,,8,COLORADO,2
26.896308,-98.75,12,12,1,ALABAMA,5,,,,9,CONNECTICUT,3
26.896308,-98.125,12,12,1,ALABAMA,5,,,,10,DELAWARE,3
26.896308,-97.5,12,12,1,ALABAMA,5,,,,11,DISTRICT OF COLUMBIA,3
26.896308,-81.875,12,12,1,ALABAMA,5,,,,12,FLORIDA,6
26.896308,-81.25,12,12,1,ALABAMA,5,,,,13,GEORGIA,5
26.896308,-80.625,12,12,1,ALABAMA,5,,,,15,HAWAII,
27.521308,-99.375,12,12,1,ALABAMA,5,,,,16,IDAHO,
27.521308,-98.75,12,12,1,ALABAMA,5,,,,17,ILLINOIS,3
27.521308,-98.125,12,12,1,ALABAMA,5,,,,18,INDIANA,3
27.521308,-97.5,12,12,1,ALABAMA,5,,,,19,IOWA,3
27.521308,-82.5,12,12,1,ALABAMA,5,,,,20,KANSAS,3
27.521308,-81.875,12,12,1,ALABAMA,5,,,,21,KENTUCKY,4
27.521308,-81.25,12,12,1,ALABAMA,5,,,,22,LOUISIANA,5
27.521308,-80.625,12,12,1,ALABAMA,5,,,,23,MAINE,1
28.146308,-100,12,12,1,ALABAMA,5,,,,24,MARYLAND,3
28.146308,-99.375,12,12,1,ALABAMA,5,,,,25,MASSACHUSETTS,3
28.146308,-98.75,12,12,1,ALABAMA,5,,,,26,MICHIGAN,2
28.146308,-98.125,12,12,1,ALABAMA,5,,,,27,MINNESOTA,1
28.146308,-97.5,12,12,1,ALABAMA,5,,,,28,MISSISSIPPI,5
28.146308,-96.875,12,12,1,ALABAMA,5,,,,29,MISSOURI,3
28.146308,-82.5,12,12,1,ALABAMA,5,,,,30,MONTANA,0
28.146308,-81.875,12,12,1,ALABAMA,5,,,,31,NEBRASKA,2
28.146308,-81.25,12,12,1,ALABAMA,5,,,,32,NEVADA,
28.146308,-80.625,12,12,1,ALABAMA,5,,,,33,NEW HAMPSHIRE,1
28.771308,-100,12,12,1,ALABAMA,5,,,,34,NEW JERSEY,3
28.771308,-99.375,12,12,4,ARIZONA,5,,,,35,NEW MEXICO,5
28.771308,-98.75,12,12,4,ARIZONA,5,,,,36,NEW YORK,1
28.771308,-98.125,12,12,4,ARIZONA,5,,,,37,NORTH CAROLINA,5
28.771308,-97.5,12,12,4,ARIZONA,5,,,,38,NORTH DAKOTA,0
28.771308,-96.875,12,12,4,ARIZONA,5,,,,39,OHIO,3
28.771308,-96.25,12,12,4,ARIZONA,5,,,,40,OKLAHOMA,4
28.771308,-95.625,13,13,4,ARIZONA,5,,,,41,OREGON,
28.771308,-82.5,13,13,4,ARIZONA,5,,,,42,PENNSYLVANIA,3
28.771308,-81.875,13,13,4,ARIZONA,5,,,,44,RHODE ISLAND,3
28.771308,-81.25,13,13,4,ARIZONA,5,,,,45,SOUTH CAROLINA,5
29.396308,-103.75,13,13,4,ARIZONA,5,,,,46,SOUTH DAKOTA,1
29.396308,-103.125,13,13,4,ARIZONA,5,,,,47,TENNESSEE,5
29.396308,-100.625,13,13,4,ARIZONA,5,,,,48,TEXAS,5
29.396308,-100,13,13,4,ARIZONA,5,,,,49,UTAH,
29.396308,-99.375,13,13,4,ARIZONA,5,,,,50,VERMONT,1
29.396308,-98.75,13,13,4,ARIZONA,5,,,,51,VIRGINIA,4
29.396308,-98.125,13,13,4,ARIZONA,5,,,,53,WASHINGTON,
29.396308,-97.5,13,13,4,ARIZONA,5,,,,54,WEST VIRGINIA,3
29.396308,-96.875,13,13,4,ARIZONA,5,,,,55,WISCONSIN,1
29.396308,-96.25,13,13,4,ARIZONA,5,,,,56,WYOMING,
29.396308,-95.625,13,13,4,ARIZONA,5,,,,,,
29.396308,-95,13,13,4,ARIZONA,5,,,,,,
29.396308,-91.25,13,13,4,ARIZONA,5,,,,,,
29.396308,-90.625,13,13,4,ARIZONA,5,,,,,,
29.396308,-90,13,13,4,ARIZONA,5,,,,,,
29.396308,-83.125,13,13,4,ARIZONA,5,,,,,,
29.396308,-82.5,13,13,4,ARIZONA,5,,,,,,
29.396308,-81.875,13,13,4,ARIZONA,5,,,,,,
29.396308,-81.25,13,13,4,ARIZONA,5,,,,,,
30.021308,-104.375,13,13,4,ARIZONA,5,,,,,,
30.021308,-103.75,13,13,4,ARIZONA,5,,,,,,
30.021308,-103.125,13,13,4,ARIZONA,5,,,,,,
30.021308,-102.5,13,13,4,ARIZONA,5,,,,,,
30.021308,-101.875,13,13,4,ARIZONA,5,,,,,,
30.021308,-101.25,13,13,4,ARIZONA,5,,,,,,
30.021308,-100.625,13,13,4,ARIZONA,5,,,,,,
30.021308,-100,13,13,4,ARIZONA,5,,,,,,
30.021308,-99.375,13,13,4,ARIZONA,5,,,,,,
30.021308,-98.75,13,13,4,ARIZONA,5,,,,,,
30.021308,-98.125,13,13,4,ARIZONA,5,,,,,,
30.021308,-97.5,13,13,4,ARIZONA,5,,,,,,
30.021308,-96.875,13,13,4,ARIZONA,5,,,,,,
30.021308,-96.25,16,16,4,ARIZONA,5,,,,,,
30.021308,-95.625,16,16,4,ARIZONA,5,,,,,,
30.021308,-95,16,16,4,ARIZONA,5,,,,,,
30.021308,-94.375,16,16,4,ARIZONA,5,,,,,,
30.021308,-93.75,16,16,4,ARIZONA,5,,,,,,
30.021308,-93.125,16,16,4,ARIZONA,5,,,,,,
30.021308,-92.5,16,16,4,ARIZONA,5,,,,,,
30.021308,-91.875,16,16,4,ARIZONA,5,,,,,,
30.021308,-91.25,16,16,4,ARIZONA,5,,,,,,
30.021308,-90.625,16,16,4,ARIZONA,5,,,,,,
30.021308,-90,16,16,4,ARIZONA,5,,,,,,
30.021308,-89.375,16,16,4,ARIZONA,5,,,,,,
30.021308,-85,16,16,4,ARIZONA,5,,,,,,
30.021308,-84.375,16,16,4,ARIZONA,5,,,,,,
30.021308,-83.75,16,16,4,ARIZONA,5,,,,,,
30.021308,-83.125,16,16,4,ARIZONA,5,,,,,,
30.021308,-82.5,16,16,4,ARIZONA,5,,,,,,
30.021308,-81.875,16,16,4,ARIZONA,5,,,,,,
30.646308,-104.375,16,16,4,ARIZONA,5,,,,,,
30.646308,-103.75,16,16,4,ARIZONA,5,,,,,,
30.646308,-103.125,16,16,4,ARIZONA,5,,,,,,
30.646308,-102.5,16,16,4,ARIZONA,5,,,,,,
30.646308,-101.875,16,16,4,ARIZONA,5,,,,,,
30.646308,-101.25,16,16,4,ARIZONA,5,,,,,,
30.646308,-100.625,16,16,4,ARIZONA,5,,,,,,
30.646308,-100,16,16,4,ARIZONA,5,,,,,,
30.646308,-99.375,16,16,4,ARIZONA,5,,,,,,
30.646308,-98.75,16,16,4,ARIZONA,5,,,,,,
30.646308,-98.125,16,16,4,ARIZONA,5,,,,,,
30.646308,-97.5,16,16,4,ARIZONA,5,,,,,,
30.646308,-96.875,16,16,4,ARIZONA,5,,,,,,
30.646308,-96.25,16,16,4,ARIZONA,5,,,,,,
30.646308,-95.625,16,16,4,ARIZONA,5,,,,,,
30.646308,-95,16,16,5,ARKANSAS,5,,,,,,
30.646308,-94.375,16,16,5,ARKANSAS,5,,,,,,
30.646308,-93.75,16,16,5,ARKANSAS,5,,,,,,
30.646308,-93.125,16,16,5,ARKANSAS,5,,,,,,
30.646308,-92.5,16,16,5,ARKANSAS,5,,,,,,
30.646308,-91.875,16,16,5,ARKANSAS,5,,,,,,
30.646308,-91.25,16,16,5,ARKANSAS,5,,,,,,
30.646308,-90.625,16,16,5,ARKANSAS,5,,,,,,
30.646308,-90,16,16,5,ARKANSAS,5,,,,,,
30.646308,-89.375,16,16,5,ARKANSAS,5,,,,,,
30.646308,-88.75,16,16,5,ARKANSAS,5,,,,,,
30.646308,-88.125,16,16,5,ARKANSAS,5,,,,,,
30.646308,-87.5,16,16,5,ARKANSAS,5,,,,,,
30.646308,-86.875,16,16,5,ARKANSAS,5,,,,,,
30.646308,-86.25,16,16,5,ARKANSAS,5,,,,,,
30.646308,-85.625,16,16,5,ARKANSAS,5,,,,,,
30.646308,-85,16,16,5,ARKANSAS,5,,,,,,
30.646308,-84.375,16,16,5,ARKANSAS,5,,,,,,
30.646308,-83.75,16,16,5,ARKANSAS,5,,,,,,
30.646308,-83.125,16,16,5,ARKANSAS,5,,,,,,
30.646308,-82.5,16,16,5,ARKANSAS,5,,,,,,
30.646308,-81.875,16,16,5,ARKANSAS,5,,,,,,
31.271308,-105.625,16,16,5,ARKANSAS,5,,,,,,
31.271308,-105,16,16,5,ARKANSAS,5,,,,,,
31.271308,-104.375,16,16,5,ARKANSAS,5,,,,,,
31.271308,-103.75,16,16,5,ARKANSAS,5,,,,,,
31.271308,-103.125,16,16,5,ARKANSAS,5,,,,,,
31.271308,-102.5,16,16,5,ARKANSAS,5,,,,,,
31.271308,-101.875,16,16,5,ARKANSAS,5,,,,,,
31.271308,-101.25,17,17,5,ARKANSAS,5,,,,,,
31.271308,-100.625,17,17,5,ARKANSAS,5,,,,,,
31.271308,-100,17,17,5,ARKANSAS,5,,,,,,
31.271308,-99.375,17,17,5,ARKANSAS,5,,,,,,
31.271308,-98.75,17,17,5,ARKANSAS,5,,,,,,
31.271308,-98.125,17,17,5,ARKANSAS,5,,,,,,
31.271308,-97.5,17,17,5,ARKANSAS,5,,,,,,
31.271308,-96.875,17,17,5,ARKANSAS,5,,,,,,
31.271308,-96.25,17,17,5,ARKANSAS,5,,,,,,
31.271308,-95.625,17,17,5,ARKANSAS,5,,,,,,
31.271308,-95,17,17,5,ARKANSAS,5,,,,,,
31.271308,-94.375,17,17,6,CALIFORNIA,5,,,,,,
31.271308,-93.75,17,17,6,CALIFORNIA,5,,,,,,
31.271308,-93.125,17,17,6,CALIFORNIA,5,,,,,,
31.271308,-92.5,17,17,6,CALIFORNIA,5,,,,,,
31.271308,-91.875,17,17,6,CALIFORNIA,5,,,,,,
31.271308,-91.25,17,17,6,CALIFORNIA,5,,,,,,
31.271308,-90.625,17,17,6,CALIFORNIA,5,,,,,,
31.271308,-90,17,17,6,CALIFORNIA,5,,,,,,
31.271308,-89.375,17,17,6,CALIFORNIA,5,,,,,,
31.271308,-88.75,17,17,6,CALIFORNIA,5,,,,,,
31.271308,-88.125,17,17,6,CALIFORNIA,5,,,,,,
31.271308,-87.5,17,17,6,CALIFORNIA,5,,,,,,
31.271308,-86.875,17,17,6,CALIFORNIA,5,,,,,,
31.271308,-86.25,17,17,6,CALIFORNIA,5,,,,,,
31.271308,-85.625,17,17,6,CALIFORNIA,5,,,,,,
31.271308,-85,17,17,6,CALIFORNIA,5,,,,,,
31.271308,-84.375,17,17,6,CALIFORNIA,5,,,,,,
31.271308,-83.75,17,17,6,CALIFORNIA,5,,,,,,
31.271308,-83.125,17,17,6,CALIFORNIA,5,,,,,,
31.271308,-82.5,17,17,6,CALIFORNIA,5,,,,,,
31.271308,-81.875,17,17,6,CALIFORNIA,5,,,,,,
31.896308,-112.5,17,17,6,CALIFORNIA,5,,,,,,
31.896308,-111.875,17,17,6,CALIFORNIA,5,,,,,,
31.896308,-111.25,17,17,6,CALIFORNIA,5,,,,,,
31.896308,-110.625,17,17,6,CALIFORNIA,5,,,,,,
31.896308,-110,18,18,6,CALIFORNIA,5,,,,,,
31.896308,-109.375,18,18,6,CALIFORNIA,5,,,,,,
31.896308,-108.75,18,18,6,CALIFORNIA,5,,,,,,
31.896308,-108.125,18,18,6,CALIFORNIA,5,,,,,,
31.896308,-107.5,18,18,6,CALIFORNIA,5,,,,,,
31.896308,-106.875,18,18,6,CALIFORNIA,5,,,,,,
31.896308,-106.25,18,18,6,CALIFORNIA,5,,,,,,
31.896308,-105.625,18,18,6,CALIFORNIA,5,,,,,,
31.896308,-105,18,18,6,CALIFORNIA,5,,,,,,
31.896308,-104.375,18,18,6,CALIFORNIA,5,,,,,,
31.896308,-103.75,18,18,6,CALIFORNIA,5,,,,,,
31.896308,-103.125,18,18,6,CALIFORNIA,5,,,,,,
31.896308,-102.5,18,18,6,CALIFORNIA,5,,,,,,
31.896308,-101.875,18,18,6,CALIFORNIA,5,,,,,,
31.896308,-101.25,18,18,6,CALIFORNIA,5,,,,,,
31.896308,-100.625,18,18,6,CALIFORNIA,5,,,,,,
31.896308,-100,18,18,6,CALIFORNIA,5,,,,,,
31.896308,-99.375,18,18,6,CALIFORNIA,5,,,,,,
31.896308,-98.75,18,18,6,CALIFORNIA,5,,,,,,
31.896308,-98.125,18,18,6,CALIFORNIA,5,,,,,,
31.896308,-97.5,18,18,6,CALIFORNIA,5,,,,,,
31.896308,-96.875,18,18,6,CALIFORNIA,5,,,,,,
31.896308,-96.25,18,18,6,CALIFORNIA,5,,,,,,
31.896308,-95.625,18,18,6,CALIFORNIA,5,,,,,,
31.896308,-95,18,18,6,CALIFORNIA,5,,,,,,
31.896308,-94.375,18,18,6,CALIFORNIA,5,,,,,,
31.896308,-93.75,18,18,6,CALIFORNIA,5,,,,,,
31.896308,-93.125,18,18,6,CALIFORNIA,5,,,,,,
31.896308,-92.5,19,19,6,CALIFORNIA,5,,,,,,
31.896308,-91.875,19,19,6,CALIFORNIA,5,,,,,,
31.896308,-91.25,19,19,6,CALIFORNIA,5,,,,,,
31.896308,-90.625,19,19,6,CALIFORNIA,5,,,,,,
31.896308,-90,19,19,6,CALIFORNIA,5,,,,,,
31.896308,-89.375,19,19,6,CALIFORNIA,5,,,,,,
31.896308,-88.75,19,19,6,CALIFORNIA,5,,,,,,
31.896308,-88.125,19,19,6,CALIFORNIA,5,,,,,,
31.896308,-87.5,19,19,6,CALIFORNIA,5,,,,,,
31.896308,-86.875,19,19,6,CALIFORNIA,5,,,,,,
31.896308,-86.25,19,19,6,CALIFORNIA,5,,,,,,
31.896308,-85.625,19,19,6,CALIFORNIA,5,,,,,,
31.896308,-85,19,19,6,CALIFORNIA,5,,,,,,
31.896308,-84.375,19,19,6,CALIFORNIA,5,,,,,,
31.896308,-83.75,19,19,6,CALIFORNIA,5,,,,,,
31.896308,-83.125,19,19,6,CALIFORNIA,5,,,,,,
31.896308,-82.5,19,19,6,CALIFORNIA,5,,,,,,
31.896308,-81.875,19,19,6,CALIFORNIA,5,,,,,,
31.896308,-81.25,19,19,6,CALIFORNIA,5,,,,,,
32.521308,-114.375,19,19,6,CALIFORNIA,5,,,,,,
32.521308,-113.75,19,19,6,CALIFORNIA,5,,,,,,
32.521308,-113.125,19,19,6,CALIFORNIA,5,,,,,,
32.521308,-112.5,19,19,6,CALIFORNIA,5,,,,,,
32.521308,-111.875,19,19,6,CALIFORNIA,5,,,,,,
32.521308,-111.25,19,19,6,CALIFORNIA,5,,,,,,
32.521308,-110.625,19,19,6,CALIFORNIA,5,,,,,,
32.521308,-110,19,19,6,CALIFORNIA,5,,,,,,
32.521308,-109.375,19,19,6,CALIFORNIA,5,,,,,,
32.521308,-108.75,19,19,6,CALIFORNIA,5,,,,,,
32.521308,-108.125,19,19,6,CALIFORNIA,5,,,,,,
32.521308,-107.5,19,19,6,CALIFORNIA,5,,,,,,
32.521308,-106.875,19,19,6,CALIFORNIA,5,,,,,,
32.521308,-106.25,19,19,6,CALIFORNIA,5,,,,,,
32.521308,-105.625,19,19,6,CALIFORNIA,5,,,,,,
32.521308,-105,19,19,6,CALIFORNIA,5,,,,,,
32.521308,-104.375,19,19,6,CALIFORNIA,5,,,,,,
32.521308,-103.75,19,19,6,CALIFORNIA,5,,,,,,
32.521308,-103.125,19,19,6,CALIFORNIA,5,,,,,,
32.521308,-102.5,19,19,6,CALIFORNIA,5,,,,,,
32.521308,-101.875,19,19,6,CALIFORNIA,5,,,,,,
32.521308,-101.25,19,19,6,CALIFORNIA,5,,,,,,
32.521308,-100.625,19,19,6,CALIFORNIA,5,,,,,,
32.521308,-100,19,19,6,CALIFORNIA,5,,,,,,
32.521308,-99.375,20,20,6,CALIFORNIA,5,,,,,,
32.521308,-98.75,20,20,6,CALIFORNIA,5,,,,,,
32.521308,-98.125,20,20,6,CALIFORNIA,5,,,,,,
32.521308,-97.5,20,20,6,CALIFORNIA,5,,,,,,
32.521308,-96.875,20,20,6,CALIFORNIA,5,,,,,,
32.521308,-96.25,20,20,6,CALIFORNIA,5,,,,,,
32.521308,-95.625,20,20,6,CALIFORNIA,5,,,,,,
32.521308,-95,20,20,6,CALIFORNIA,5,,,,,,
32.521308,-94.375,20,20,6,CALIFORNIA,5,,,,,,
32.521308,-93.75,20,20,6,CALIFORNIA,5,,,,,,
32.521308,-93.125,20,20,6,CALIFORNIA,5,,,,,,
32.521308,-92.5,20,20,6,CALIFORNIA,5,,,,,,
32.521308,-91.875,20,20,8,COLORADO,2,,,,,,
32.521308,-91.25,20,20,8,COLORADO,2,,,,,,
32.521308,-90.625,20,20,8,COLORADO,2,,,,,,
32.521308,-90,20,20,8,COLORADO,2,,,,,,
32.521308,-89.375,20,20,8,COLORADO,2,,,,,,
32.521308,-88.75,20,20,8,COLORADO,2,,,,,,
32.521308,-88.125,20,20,8,COLORADO,2,,,,,,
32.521308,-87.5,20,20,8,COLORADO,2,,,,,,
32.521308,-86.875,20,20,8,COLORADO,2,,,,,,
32.521308,-86.25,20,20,8,COLORADO,2,,,,,,
32.521308,-85.625,20,20,8,COLORADO,2,,,,,,
32.521308,-85,20,20,8,COLORADO,2,,,,,,
32.521308,-84.375,20,20,8,COLORADO,2,,,,,,
32.521308,-83.75,20,20,8,COLORADO,2,,,,,,
32.521308,-83.125,20,20,8,COLORADO,2,,,,,,
32.521308,-82.5,20,20,8,COLORADO,2,,,,,,
32.521308,-81.875,20,20,8,COLORADO,2,,,,,,
32.521308,-81.25,20,20,8,COLORADO,2,,,,,,
32.521308,-80.625,20,20,8,COLORADO,2,,,,,,
33.146308,-116.875,20,20,8,COLORADO,2,,,,,,
33.146308,-116.25,20,20,8,COLORADO,2,,,,,,
33.146308,-115.625,20,20,8,COLORADO,2,,,,,,
33.146308,-115,20,20,8,COLORADO,2,,,,,,
33.146308,-114.375,20,20,8,COLORADO,2,,,,,,
33.146308,-113.75,20,20,8,COLORADO,2,,,,,,
33.146308,-113.125,20,20,8,COLORADO,2,,,,,,
33.146308,-112.5,20,20,8,COLORADO,2,,,,,,
33.146308,-111.875,20,20,8,COLORADO,2,,,,,,
33.146308,-111.25,20,20,8,COLORADO,2,,,,,,
33.146308,-110.625,20,20,8,COLORADO,2,,,,,,
33.146308,-110,20,20,8,COLORADO,2,,,,,,
33.146308,-109.375,20,20,8,COLORADO,2,,,,,,
33.146308,-108.75,20,20,8,COLORADO,2,,,,,,
33.146308,-108.125,20,20,8,COLORADO,2,,,,,,
33.146308,-107.5,20,20,8,COLORADO,2,,,,,,
33.146308,-106.875,20,20,8,COLORADO,2,,,,,,
33.146308,-106.25,21,21,8,COLORADO,2,,,,,,
33.146308,-105.625,21,21,8,COLORADO,2,,,,,,
33.146308,-105,21,21,8,COLORADO,2,,,,,,
33.146308,-104.375,21,21,8,COLORADO,2,,,,,,
33.146308,-103.75,21,21,8,COLORADO,2,,,,,,
33.146308,-103.125,21,21,8,COLORADO,2,,,,,,
33.146308,-102.5,21,21,8,COLORADO,2,,,,,,
33.146308,-101.875,21,21,8,COLORADO,2,,,,,,
33.146308,-101.25,21,21,8,COLORADO,2,,,,,,
33.146308,-100.625,21,21,8,COLORADO,2,,,,,,
33.146308,-100,21,21,8,COLORADO,2,,,,,,
33.146308,-99.375,21,21,8,COLORADO,2,,,,,,
33.146308,-98.75,21,21,8,COLORADO,2,,,,,,
33.146308,-98.125,21,21,8,COLORADO,2,,,,,,
33.146308,-97.5,21,21,8,COLORADO,2,,,,,,
33.146308,-96.875,21,21,8,COLORADO,2,,,,,,
33.146308,-96.25,21,21,8,COLORADO,2,,,,,,
33.146308,-95.625,21,21,8,COLORADO,2,,,,,,
33.146308,-95,21,21,8,COLORADO,2,,,,,,
33.146308,-94.375,21,21,8,COLORADO,2,,,,,,
33.146308,-93.75,21,21,8,COLORADO,2,,,,,,
33.146308,-93.125,21,21,8,COLORADO,2,,,,,,
33.146308,-92.5,21,21,8,COLORADO,2,,,,,,
33.146308,-91.875,21,21,8,COLORADO,2,,,,,,
33.146308,-91.25,21,21,8,COLORADO,2,,,,,,
33.146308,-90.625,22,22,8,COLORADO,2,,,,,,
33.146308,-90,22,22,8,COLORADO,2,,,,,,
33.146308,-89.375,22,22,8,COLORADO,2,,,,,,
33.146308,-88.75,22,22,8,COLORADO,2,,,,,,
33.146308,-88.125,22,22,8,COLORADO,2,,,,,,
33.146308,-87.5,22,22,9,CONNECTICUT,3,,,,,,
33.146308,-86.875,22,22,9,CONNECTICUT,3,,,,,,
33.146308,-86.25,22,22,9,CONNECTICUT,3,,,,,,
33.146308,-85.625,22,22,9,CONNECTICUT,3,,,,,,
33.146308,-85,22,22,9,CONNECTICUT,3,,,,,,
33.146308,-84.375,22,22,1,CONNECTICUT,3,,,,,,
33.146308,-83.75,22,22,10,DELAWARE,3,,,,,,
33.146308,-83.125,22,22,10,DELAWARE,3,,,,,,
33.146308,-82.5,22,22,12,FLORIDA,6,,,,,,
33.146308,-81.875,22,22,12,FLORIDA,6,,,,,,
33.146308,-81.25,22,22,12,FLORIDA,6,,,,,,
33.146308,-80.625,22,22,12,FLORIDA,6,,,,,,
33.146308,-80,22,22,12,FLORIDA,6,,,,,,
33.146308,-79.375,22,22,12,FLORIDA,6,,,,,,
33.771308,-118.125,22,22,12,FLORIDA,6,,,,,,
33.771308,-117.5,22,22,12,FLORIDA,6,,,,,,
33.771308,-116.875,22,22,12,FLORIDA,6,,,,,,
33.771308,-116.25,22,22,12,FLORIDA,6,,,,,,
33.771308,-115.625,22,22,12,FLORIDA,6,,,,,,
33.771308,-115,22,22,12,FLORIDA,6,,,,,,
33.771308,-114.375,22,22,12,FLORIDA,6,,,,,,
33.771308,-113.75,22,22,12,FLORIDA,6,,,,,,
33.771308,-113.125,22,22,12,FLORIDA,6,,,,,,
33.771308,-112.5,22,22,12,FLORIDA,6,,,,,,
33.771308,-111.875,23,23,12,FLORIDA,6,,,,,,
33.771308,-111.25,23,23,12,FLORIDA,6,,,,,,
33.771308,-110.625,23,23,12,FLORIDA,6,,,,,,
33.771308,-110,23,23,12,FLORIDA,6,,,,,,
33.771308,-109.375,23,23,12,FLORIDA,6,,,,,,
33.771308,-108.75,23,23,12,FLORIDA,6,,,,,,
33.771308,-108.125,23,23,12,FLORIDA,6,,,,,,
33.771308,-107.5,23,23,12,FLORIDA,6,,,,,,
33.771308,-106.875,23,23,12,FLORIDA,6,,,,,,
33.771308,-106.25,23,23,12,FLORIDA,6,,,,,,
33.771308,-105.625,23,23,12,FLORIDA,6,,,,,,
33.771308,-105,23,23,12,FLORIDA,6,,,,,,
33.771308,-104.375,23,23,12,FLORIDA,6,,,,,,
33.771308,-103.75,23,23,12,FLORIDA,6,,,,,,
33.771308,-103.125,23,23,12,FLORIDA,6,,,,,,
33.771308,-102.5,23,23,12,FLORIDA,6,,,,,,
33.771308,-101.875,23,23,12,FLORIDA,6,,,,,,
33.771308,-101.25,23,23,12,FLORIDA,6,,,,,,
33.771308,-100.625,23,23,12,FLORIDA,6,,,,,,
33.771308,-100,23,23,13,GEORGIA,5,,,,,,
33.771308,-99.375,23,23,13,GEORGIA,5,,,,,,
33.771308,-98.75,23,23,13,GEORGIA,5,,,,,,
33.771308,-98.125,23,23,13,GEORGIA,5,,,,,,
33.771308,-97.5,23,23,13,GEORGIA,5,,,,,,
33.771308,-96.875,23,23,13,GEORGIA,5,,,,,,
33.771308,-96.25,24,24,13,GEORGIA,5,,,,,,
33.771308,-95.625,24,24,13,GEORGIA,5,,,,,,
33.771308,-95,24,24,13,GEORGIA,5,,,,,,
33.771308,-94.375,24,24,13,GEORGIA,5,,,,,,
33.771308,-93.75,24,24,13,GEORGIA,5,,,,,,
33.771308,-93.125,24,24,13,GEORGIA,5,,,,,,
33.771308,-92.5,24,24,13,GEORGIA,5,,,,,,
33.771308,-91.875,25,25,13,GEORGIA,5,,,,,,
33.771308,-91.25,25,25,13,GEORGIA,5,,,,,,
33.771308,-90.625,25,25,13,GEORGIA,5,,,,,,
33.771308,-90,25,25,13,GEORGIA,5,,,,,,
33.771308,-89.375,25,25,13,GEORGIA,5,,,,,,
33.771308,-88.75,25,25,13,GEORGIA,5,,,,,,
33.771308,-88.125,25,25,13,GEORGIA,5,,,,,,
33.771308,-87.5,25,25,13,GEORGIA,5,,,,,,
33.771308,-86.875,26,26,13,GEORGIA,5,,,,,,
33.771308,-86.25,26,26,13,GEORGIA,5,,,,,,
33.771308,-85.625,26,26,13,GEORGIA,5,,,,,,
33.771308,-85,26,26,13,GEORGIA,5,,,,,,
33.771308,-84.375,26,26,13,GEORGIA,5,,,,,,
33.771308,-83.75,26,26,13,GEORGIA,5,,,,,,
33.771308,-83.125,26,26,13,GEORGIA,5,,,,,,
33.771308,-82.5,26,26,13,GEORGIA,5,,,,,,
33.771308,-81.875,26,26,13,GEORGIA,5,,,,,,
33.771308,-81.25,26,26,13,GEORGIA,5,,,,,,
33.771308,-80.625,26,26,13,GEORGIA,5,,,,,,
33.771308,-80,26,26,13,GEORGIA,5,,,,,,
33.771308,-79.375,26,26,13,GEORGIA,5,,,,,,
34.396308,-119.375,26,26,13,GEORGIA,5,,,,,,
34.396308,-118.75,26,26,13,GEORGIA,5,,,,,,
34.396308,-118.125,26,26,16,IDAHO,,,,,,,
34.396308,-117.5,26,26,16,IDAHO,,,,,,,
34.396308,-116.875,26,26,16,IDAHO,,,,,,,
34.396308,-116.25,26,26,16,IDAHO,,,,,,,
34.396308,-115.625,26,26,16,IDAHO,,,,,,,
34.396308,-115,26,26,16,IDAHO,,,,,,,
34.396308,-114.375,26,26,16,IDAHO,,,,,,,
34.396308,-113.75,26,26,16,IDAHO,,,,,,,
34.396308,-113.125,26,26,16,IDAHO,,,,,,,
34.396308,-112.5,26,26,16,IDAHO,,,,,,,
34.396308,-111.875,26,26,16,IDAHO,,,,,,,
34.396308,-111.25,26,26,16,IDAHO,,,,,,,
34.396308,-110.625,26,26,16,IDAHO,,,,,,,
34.396308,-110,26,26,16,IDAHO,,,,,,,
34.396308,-109.375,26,26,16,IDAHO,,,,,,,
34.396308,-108.75,26,26,16,IDAHO,,,,,,,
34.396308,-108.125,26,26,16,IDAHO,,,,,,,
34.396308,-107.5,26,26,16,IDAHO,,,,,,,
34.396308,-106.875,26,26,16,IDAHO,,,,,,,
34.396308,-106.25,26,26,16,IDAHO,,,,,,,
34.396308,-105.625,26,26,16,IDAHO,,,,,,,
34.396308,-105,26,26,16,IDAHO,,,,,,,
34.396308,-104.375,26,26,16,IDAHO,,,,,,,
34.396308,-103.75,26,26,16,IDAHO,,,,,,,
34.396308,-103.125,26,26,16,IDAHO,,,,,,,
34.396308,-102.5,26,26,16,IDAHO,,,,,,,
34.396308,-101.875,26,26,16,IDAHO,,,,,,,
34.396308,-101.25,26,26,16,IDAHO,,,,,,,
34.396308,-100.625,26,26,16,IDAHO,,,,,,,
34.396308,-100,26,26,16,IDAHO,,,,,,,
34.396308,-99.375,26,26,16,IDAHO,,,,,,,
34.396308,-98.75,27,27,16,IDAHO,,,,,,,
34.396308,-98.125,27,27,16,IDAHO,,,,,,,
34.396308,-97.5,27,27,16,IDAHO,,,,,,,
34.396308,-96.875,27,27,16,IDAHO,,,,,,,
34.396308,-96.25,27,27,16,IDAHO,,,,,,,
34.396308,-95.625,27,27,16,IDAHO,,,,,,,
34.396308,-95,27,27,16,IDAHO,,,,,,,
34.396308,-94.375,27,27,16,IDAHO,,,,,,,
34.396308,-93.75,27,27,16,IDAHO,,,,,,,
34.396308,-93.125,27,27,16,IDAHO,,,,,,,
34.396308,-92.5,27,27,16,IDAHO,,,,,,,
34.396308,-91.875,27,27,16,IDAHO,,,,,,,
34.396308,-91.25,27,27,16,IDAHO,,,,,,,
34.396308,-90.625,27,27,16,IDAHO,,,,,,,
34.396308,-90,27,27,16,IDAHO,,,,,,,
34.396308,-89.375,27,27,16,IDAHO,,,,,,,
34.396308,-88.75,27,27,16,IDAHO,,,,,,,
34.396308,-88.125,27,27,16,IDAHO,,,,,,,
34.396308,-87.5,27,27,16,IDAHO,,,,,,,
34.396308,-86.875,27,27,16,IDAHO,,,,,,,
34.396308,-86.25,27,27,16,IDAHO,,,,,,,
34.396308,-85.625,27,27,16,IDAHO,,,,,,,
34.396308,-85,27,27,16,IDAHO,,,,,,,
34.396308,-84.375,27,27,16,IDAHO,,,,,,,
34.396308,-83.75,27,27,16,IDAHO,,,,,,,
34.396308,-83.125,27,27,16,IDAHO,,,,,,,
34.396308,-82.5,27,27,16,IDAHO,,,,,,,
34.396308,-81.875,27,27,16,IDAHO,,,,,,,
34.396308,-81.25,27,27,16,IDAHO,,,,,,,
34.396308,-80.625,27,27,16,IDAHO,,,,,,,
34.396308,-80,27,27,16,IDAHO,,,,,,,
34.396308,-79.375,27,27,17,ILLINOIS,3,,,,,,
34.396308,-78.75,27,27,17,ILLINOIS,3,,,,,,
34.396308,-78.125,27,27,17,ILLINOIS,3,,,,,,
35.021308,-120.625,27,27,17,ILLINOIS,3,,,,,,
35.021308,-120,27,27,17,ILLINOIS,3,,,,,,
35.021308,-119.375,27,27,17,ILLINOIS,3,,,,,,
35.021308,-118.75,27,27,17,ILLINOIS,3,,,,,,
35.021308,-118.125,27,27,17,ILLINOIS,3,,,,,,
35.021308,-117.5,27,27,17,ILLINOIS,3,,,,,,
35.021308,-116.875,27,27,17,ILLINOIS,3,,,,,,
35.021308,-116.25,27,27,17,ILLINOIS,3,,,,,,
35.021308,-115.625,27,27,17,ILLINOIS,3,,,,,,
35.021308,-115,27,27,17,ILLINOIS,3,,,,,,
35.021308,-114.375,27,27,17,ILLINOIS,3,,,,,,
35.021308,-113.75,27,27,17,ILLINOIS,3,,,,,,
35.021308,-113.125,27,27,17,ILLINOIS,3,,,,,,
35.021308,-112.5,27,27,17,ILLINOIS,3,,,,,,
35.021308,-111.875,27,27,17,ILLINOIS,3,,,,,,
35.021308,-111.25,27,27,17,ILLINOIS,3,,,,,,
35.021308,-110.625,27,27,17,ILLINOIS,3,,,,,,
35.021308,-110,27,27,17,ILLINOIS,3,,,,,,
35.021308,-109.375,27,27,17,ILLINOIS,3,,,,,,
35.021308,-108.75,27,27,17,ILLINOIS,3,,,,,,
35.021308,-108.125,27,27,17,ILLINOIS,3,,,,,,
35.021308,-107.5,27,27,17,ILLINOIS,3,,,,,,
35.021308,-106.875,27,27,17,ILLINOIS,3,,,,,,
35.021308,-106.25,27,27,17,ILLINOIS,3,,,,,,
35.021308,-105.625,27,27,17,ILLINOIS,3,,,,,,
35.021308,-105,27,27,17,ILLINOIS,3,,,,,,
35.021308,-104.375,27,27,17,ILLINOIS,3,,,,,,
35.021308,-103.75,27,27,17,ILLINOIS,3,,,,,,
35.021308,-103.125,27,27,17,ILLINOIS,3,,,,,,
35.021308,-102.5,27,27,17,ILLINOIS,3,,,,,,
35.021308,-101.875,28,28,17,ILLINOIS,3,,,,,,
35.021308,-101.25,28,28,17,ILLINOIS,3,,,,,,
35.021308,-100.625,28,28,17,ILLINOIS,3,,,,,,
35.021308,-100,28,28,18,INDIANA,3,,,,,,
35.021308,-99.375,28,28,18,INDIANA,3,,,,,,
35.021308,-98.75,28,28,18,INDIANA,3,,,,,,
35.021308,-98.125,28,28,18,INDIANA,3,,,,,,
35.021308,-97.5,28,28,18,INDIANA,3,,,,,,
35.021308,-96.875,28,28,18,INDIANA,3,,,,,,
35.021308,-96.25,28,28,18,INDIANA,3,,,,,,
35.021308,-95.625,28,28,18,INDIANA,3,,,,,,
35.021308,-95,28,28,18,INDIANA,3,,,,,,
35.021308,-94.375,28,28,18,INDIANA,3,,,,,,
35.021308,-93.75,28,28,18,INDIANA,3,,,,,,
35.021308,-93.125,28,28,18,INDIANA,3,,,,,,
35.021308,-92.5,28,28,18,INDIANA,3,,,,,,
35.021308,-91.875,28,28,18,INDIANA,3,,,,,,
35.021308,-91.25,28,28,18,INDIANA,3,,,,,,
35.021308,-90.625,28,28,18,INDIANA,3,,,,,,
35.021308,-90,28,28,18,INDIANA,3,,,,,,
35.021308,-89.375,28,28,18,INDIANA,3,,,,,,
35.021308,-88.75,28,28,18,INDIANA,3,,,,,,
35.021308,-88.125,28,28,18,INDIANA,3,,,,,,
35.021308,-87.5,28,28,18,INDIANA,3,,,,,,
35.021308,-86.875,28,28,18,INDIANA,3,,,,,,
35.021308,-86.25,28,28,18,INDIANA,3,,,,,,
35.021308,-85.625,29,29,18,INDIANA,3,,,,,,
35.021308,-85,29,29,18,INDIANA,3,,,,,,
35.021308,-84.375,29,29,18,INDIANA,3,,,,,,
35.021308,-83.75,29,29,18,INDIANA,3,,,,,,
35.021308,-83.125,29,29,18,INDIANA,3,,,,,,
35.021308,-82.5,29,29,19,IOWA,3,,,,,,
35.021308,-81.875,29,29,19,IOWA,3,,,,,,
35.021308,-81.25,29,29,19,IOWA,3,,,,,,
35.021308,-80.625,29,29,19,IOWA,3,,,,,,
35.021308,-80,29,29,19,IOWA,3,,,,,,
35.021308,-79.375,29,29,19,IOWA,3,,,,,,
35.021308,-78.75,29,29,19,IOWA,3,,,,,,
35.021308,-78.125,29,29,19,IOWA,3,,,,,,
35.021308,-77.5,29,29,19,IOWA,3,,,,,,
35.021308,-76.875,29,29,19,IOWA,3,,,,,,
35.021308,-76.25,29,29,19,IOWA,3,,,,,,
35.646308,-120.625,29,29,19,IOWA,3,,,,,,
35.646308,-120,29,29,19,IOWA,3,,,,,,
35.646308,-119.375,29,29,19,IOWA,3,,,,,,
35.646308,-118.75,29,29,19,IOWA,3,,,,,,
35.646308,-118.125,29,29,19,IOWA,3,,,,,,
35.646308,-117.5,29,29,19,IOWA,3,,,,,,
35.646308,-116.875,29,29,19,IOWA,3,,,,,,
35.646308,-116.25,29,29,19,IOWA,3,,,,,,
35.646308,-115.625,29,29,19,IOWA,3,,,,,,
35.646308,-115,29,29,19,IOWA,3,,,,,,
35.646308,-114.375,29,29,19,IOWA,3,,,,,,
35.646308,-113.75,29,29,19,IOWA,3,,,,,,
35.646308,-113.125,29,29,19,IOWA,3,,,,,,
35.646308,-112.5,29,29,19,IOWA,3,,,,,,
35.646308,-111.875,29,29,19,IOWA,3,,,,,,
35.646308,-111.25,29,29,19,IOWA,3,,,,,,
35.646308,-110.625,29,29,19,IOWA,3,,,,,,
35.646308,-110,29,29,19,IOWA,3,,,,,,
35.646308,-109.375,29,29,19,IOWA,3,,,,,,
35.646308,-108.75,29,29,19,IOWA,3,,,,,,
35.646308,-108.125,29,29,19,IOWA,3,,,,,,
35.646308,-107.5,29,29,19,IOWA,3,,,,,,
35.646308,-106.875,29,29,19,IOWA,3,,,,,,
35.646308,-106.25,29,29,19,IOWA,3,,,,,,
35.646308,-105.625,29,29,19,IOWA,3,,,,,,
35.646308,-105,29,29,19,IOWA,3,,,,,,
35.646308,-104.375,29,29,19,IOWA,3,,,,,,
35.646308,-103.75,29,29,19,IOWA,3,,,,,,
35.646308,-103.125,30,30,19,IOWA,3,,,,,,
35.646308,-102.5,30,30,19,IOWA,3,,,,,,
35.646308,-101.875,30,30,19,IOWA,3,,,,,,
35.646308,-101.25,30,30,19,IOWA,3,,,,,,
35.646308,-100.625,30,30,20,KANSAS,3,,,,,,
35.646308,-100,30,30,20,KANSAS,3,,,,,,
35.646308,-99.375,30,30,20,KANSAS,3,,,,,,
35.646308,-98.75,30,30,20,KANSAS,3,,,,,,
35.646308,-98.125,30,30,20,KANSAS,3,,,,,,
35.646308,-97.5,30,30,20,KANSAS,3,,,,,,
35.646308,-96.875,30,30,20,KANSAS,3,,,,,,
35.646308,-96.25,30,30,20,KANSAS,3,,,,,,
35.646308,-95.625,30,30,20,KANSAS,3,,,,,,
35.646308,-95,30,30,20,KANSAS,3,,,,,,
35.646308,-94.375,30,30,20,KANSAS,3,,,,,,
35.646308,-93.75,30,30,20,KANSAS,3,,,,,,
35.646308,-93.125,30,30,20,KANSAS,3,,,,,,
35.646308,-92.5,30,30,20,KANSAS,3,,,,,,
35.646308,-91.875,30,30,20,KANSAS,3,,,,,,
35.646308,-91.25,30,30,20,KANSAS,3,,,,,,
35.646308,-90.625,30,30,20,KANSAS,3,,,,,,
35.646308,-90,30,30,20,KANSAS,3,,,,,,
35.646308,-89.375,30,30,20,KANSAS,3,,,,,,
35.646308,-88.75,30,30,20,KANSAS,3,,,,,,
35.646308,-88.125,30,30,20,KANSAS,3,,,,,,
35.646308,-87.5,30,30,20,KANSAS,3,,,,,,
35.646308,-86.875,30,30,20,KANSAS,3,,,,,,
35.646308,-86.25,30,30,20,KANSAS,3,,,,,,
35.646308,-85.625,30,30,20,KANSAS,3,,,,,,
35.646308,-85,30,30,20,KANSAS,3,,,,,,
35.646308,-84.375,30,30,20,KANSAS,3,,,,,,
35.646308,-83.75,30,30,20,KANSAS,3,,,,,,
35.646308,-83.125,30,30,20,KANSAS,3,,,,,,
35.646308,-82.5,30,30,20,KANSAS,3,,,,,,
35.646308,-81.875,30,30,20,KANSAS,3,,,,,,
35.646308,-81.25,30,30,20,KANSAS,3,,,,,,
35.646308,-80.625,30,30,20,KANSAS,3,,,,,,
35.646308,-80,30,30,20,KANSAS,3,,,,,,
35.646308,-79.375,30,30,20,KANSAS,3,,,,,,
35.646308,-78.75,30,30,20,KANSAS,3,,,,,,
35.646308,-78.125,30,30,20,KANSAS,3,,,,,,
35.646308,-77.5,30,30,20,KANSAS,3,,,,,,
35.646308,-76.875,30,30,20,KANSAS,3,,,,,,
35.646308,-76.25,30,30,20,KANSAS,3,,,,,,
35.646308,-75.625,30,30,20,KANSAS,3,,,,,,
36.271308,-121.25,30,30,20,KANSAS,3,,,,,,
36.271308,-120.625,30,30,20,KANSAS,3,,,,,,
36.271308,-120,30,30,20,KANSAS,3,,,,,,
36.271308,-119.375,30,30,20,KANSAS,3,,,,,,
36.271308,-118.75,30,30,20,KANSAS,3,,,,,,
36.271308,-118.125,30,30,20,KANSAS,3,,,,,,
36.271308,-117.5,30,30,20,KANSAS,3,,,,,,
36.271308,-116.875,30,30,21,KENTUCKY,4,,,,,,
36.271308,-116.25,30,30,21,KENTUCKY,4,,,,,,
36.271308,-115.625,30,30,21,KENTUCKY,4,,,,,,
36.271308,-115,30,30,21,KENTUCKY,4,,,,,,
36.271308,-114.375,30,30,21,KENTUCKY,4,,,,,,
36.271308,-113.75,30,30,21,KENTUCKY,4,,,,,,
36.271308,-113.125,30,30,21,KENTUCKY,4,,,,,,
36.271308,-112.5,30,30,21,KENTUCKY,4,,,,,,
36.271308,-111.875,30,30,21,KENTUCKY,4,,,,,,
36.271308,-111.25,30,30,21,KENTUCKY,4,,,,,,
36.271308,-110.625,30,30,21,KENTUCKY,4,,,,,,
36.271308,-110,30,30,21,KENTUCKY,4,,,,,,
36.271308,-109.375,30,30,21,KENTUCKY,4,,,,,,
36.271308,-108.75,30,30,21,KENTUCKY,4,,,,,,
36.271308,-108.125,30,30,21,KENTUCKY,4,,,,,,
36.271308,-107.5,30,30,21,KENTUCKY,4,,,,,,
36.271308,-106.875,30,30,21,KENTUCKY,4,,,,,,
36.271308,-106.25,30,30,21,KENTUCKY,4,,,,,,
36.271308,-105.625,30,30,21,KENTUCKY,4,,,,,,
36.271308,-105,30,30,21,KENTUCKY,4,,,,,,
36.271308,-104.375,30,30,21,KENTUCKY,4,,,,,,
36.271308,-103.75,30,30,21,KENTUCKY,4,,,,,,
36.271308,-103.125,30,30,21,KENTUCKY,4,,,,,,
36.271308,-102.5,30,30,21,KENTUCKY,4,,,,,,
36.271308,-101.875,30,30,21,KENTUCKY,4,,,,,,
36.271308,-101.25,30,30,22,LOUISIANA,5,,,,,,
36.271308,-100.625,30,30,22,LOUISIANA,5,,,,,,
36.271308,-100,30,30,22,LOUISIANA,5,,,,,,
36.271308,-99.375,30,30,22,LOUISIANA,5,,,,,,
36.271308,-98.75,30,30,22,LOUISIANA,5,,,,,,
36.271308,-98.125,30,30,22,LOUISIANA,5,,,,,,
36.271308,-97.5,30,30,22,LOUISIANA,5,,,,,,
36.271308,-96.875,30,30,22,LOUISIANA,5,,,,,,
36.271308,-96.25,30,30,22,LOUISIANA,5,,,,,,
36.271308,-95.625,30,30,22,LOUISIANA,5,,,,,,
36.271308,-95,30,30,22,LOUISIANA,5,,,,,,
36.271308,-94.375,30,30,22,LOUISIANA,5,,,,,,
36.271308,-93.75,30,30,22,LOUISIANA,5,,,,,,
36.271308,-93.125,30,30,22,LOUISIANA,5,,,,,,
36.271308,-92.5,30,30,22,LOUISIANA,5,,,,,,
36.271308,-91.875,30,30,22,LOUISIANA,5,,,,,,
36.271308,-91.25,30,30,22,LOUISIANA,5,,,,,,
36.271308,-90.625,30,30,22,LOUISIANA,5,,,,,,
36.271308,-90,30,30,22,LOUISIANA,5,,,,,,
36.271308,-89.375,30,30,22,LOUISIANA,5,,,,,,
36.271308,-88.75,30,30,22,LOUISIANA,5,,,,,,
36.271308,-88.125,30,30,22,LOUISIANA,5,,,,,,
36.271308,-87.5,30,30,22,LOUISIANA,5,,,,,,
36.271308,-86.875,30,30,22,LOUISIANA,5,,,,,,
36.271308,-86.25,30,30,22,LOUISIANA,5,,,,,,
36.271308,-85.625,30,30,22,LOUISIANA,5,,,,,,
36.271308,-85,30,30,22,LOUISIANA,5,,,,,,
36.271308,-84.375,30,30,22,LOUISIANA,5,,,,,,
36.271308,-83.75,30,30,22,LOUISIANA,5,,,,,,
36.271308,-83.125,30,30,23,MAINE,1,,,,,,
36.271308,-82.5,30,30,23,MAINE,1,,,,,,
36.271308,-81.875,30,30,23,MAINE,1,,,,,,
36.271308,-81.25,30,30,23,MAINE,1,,,,,,
36.271308,-80.625,30,30,23,MAINE,1,,,,,,
36.271308,-80,30,30,23,MAINE,1,,,,,,
36.271308,-79.375,30,30,23,MAINE,1,,,,,,
36.271308,-78.75,30,30,23,MAINE,1,,,,,,
36.271308,-78.125,30,30,23,MAINE,1,,,,,,
36.271308,-77.5,30,30,23,MAINE,1,,,,,,
36.271308,-76.875,30,30,23,MAINE,1,,,,,,
36.271308,-76.25,30,30,23,MAINE,1,,,,,,
36.896308,-121.25,30,30,23,MAINE,1,,,,,,
36.896308,-120.625,30,30,23,MAINE,1,,,,,,
36.896308,-120,30,30,23,MAINE,1,,,,,,
36.896308,-119.375,30,30,23,MAINE,1,,,,,,
36.896308,-118.75,30,30,23,MAINE,1,,,,,,
36.896308,-118.125,31,31,23,MAINE,1,,,,,,
36.896308,-117.5,31,31,23,MAINE,1,,,,,,
36.896308,-116.875,31,31,23,MAINE,1,,,,,,
36.896308,-116.25,31,31,23,MAINE,1,,,,,,
36.896308,-115.625,31,31,23,MAINE,1,,,,,,
36.896308,-115,31,31,23,MAINE,1,,,,,,
36.896308,-114.375,31,31,23,MAINE,1,,,,,,
36.896308,-113.75,31,31,23,MAINE,1,,,,,,
36.896308,-113.125,31,31,24,MARYLAND,3,,,,,,
36.896308,-112.5,31,31,24,MARYLAND,3,,,,,,
36.896308,-111.875,31,31,24,MARYLAND,3,,,,,,
36.896308,-111.25,31,31,24,MARYLAND,3,,,,,,
36.896308,-110.625,31,31,24,MARYLAND,3,,,,,,
36.896308,-110,31,31,24,MARYLAND,3,,,,,,
36.896308,-109.375,31,31,24,MARYLAND,3,,,,,,
36.896308,-108.75,31,31,25,MASSACHUSETTS,3,,,,,,
36.896308,-108.125,31,31,25,MASSACHUSETTS,3,,,,,,
36.896308,-107.5,31,31,25,MASSACHUSETTS,3,,,,,,
36.896308,-106.875,31,31,25,MASSACHUSETTS,3,,,,,,
36.896308,-106.25,31,31,25,MASSACHUSETTS,3,,,,,,
36.896308,-105.625,31,31,25,MASSACHUSETTS,3,,,,,,
36.896308,-105,31,31,25,MASSACHUSETTS,3,,,,,,
36.896308,-104.375,31,31,25,MASSACHUSETTS,3,,,,,,
36.896308,-103.75,31,31,26,MICHIGAN,2,,,,,,
36.896308,-103.125,31,31,26,MICHIGAN,2,,,,,,
36.896308,-102.5,31,31,26,MICHIGAN,2,,,,,,
36.896308,-101.875,31,31,26,MICHIGAN,2,,,,,,
36.896308,-101.25,31,31,26,MICHIGAN,2,,,,,,
36.896308,-100.625,31,31,26,MICHIGAN,2,,,,,,
36.896308,-100,31,31,26,MICHIGAN,2,,,,,,
36.896308,-99.375,31,31,26,MICHIGAN,2,,,,,,
36.896308,-98.75,31,31,26,MICHIGAN,2,,,,,,
36.896308,-98.125,31,31,26,MICHIGAN,2,,,,,,
36.896308,-97.5,31,31,26,MICHIGAN,2,,,,,,
36.896308,-96.875,31,31,26,MICHIGAN,2,,,,,,
36.896308,-96.25,31,31,26,MICHIGAN,2,,,,,,
36.896308,-95.625,31,31,26,MICHIGAN,2,,,,,,
36.896308,-95,31,31,26,MICHIGAN,2,,,,,,
36.896308,-94.375,31,31,26,MICHIGAN,2,,,,,,
36.896308,-93.75,31,31,26,MICHIGAN,2,,,,,,
36.896308,-93.125,31,31,26,MICHIGAN,2,,,,,,
36.896308,-92.5,31,31,26,MICHIGAN,2,,,,,,
36.896308,-91.875,31,31,26,MICHIGAN,2,,,,,,
36.896308,-91.25,31,31,26,MICHIGAN,2,,,,,,
36.896308,-90.625,31,31,26,MICHIGAN,2,,,,,,
36.896308,-90,31,31,26,MICHIGAN,2,,,,,,
36.896308,-89.375,31,31,26,MICHIGAN,2,,,,,,
36.896308,-88.75,31,31,26,MICHIGAN,2,,,,,,
36.896308,-88.125,31,31,26,MICHIGAN,2,,,,,,
36.896308,-87.5,31,31,26,MICHIGAN,2,,,,,,
36.896308,-86.875,31,31,26,MICHIGAN,2,,,,,,
36.896308,-86.25,31,31,26,MICHIGAN,2,,,,,,
36.896308,-85.625,31,31,26,MICHIGAN,2,,,,,,
36.896308,-85,31,31,26,MICHIGAN,2,,,,,,
36.896308,-84.375,31,31,26,MICHIGAN,2,,,,,,
36.896308,-83.75,31,31,26,MICHIGAN,2,,,,,,
36.896308,-83.125,31,31,26,MICHIGAN,2,,,,,,
36.896308,-82.5,31,31,26,MICHIGAN,2,,,,,,
36.896308,-81.875,31,31,26,MICHIGAN,2,,,,,,
36.896308,-81.25,32,32,26,MICHIGAN,2,,,,,,
36.896308,-80.625,32,32,26,MICHIGAN,2,,,,,,
36.896308,-80,32,32,26,MICHIGAN,2,,,,,,
36.896308,-79.375,32,32,26,MICHIGAN,2,,,,,,
36.896308,-78.75,32,32,26,MICHIGAN,2,,,,,,
36.896308,-78.125,32,32,26,MICHIGAN,2,,,,,,
36.896308,-77.5,32,32,26,MICHIGAN,2,,,,,,
36.896308,-76.875,32,32,26,MICHIGAN,2,,,,,,
36.896308,-76.25,32,32,26,MICHIGAN,2,,,,,,
37.521308,-122.5,32,32,26,MICHIGAN,2,,,,,,
37.521308,-121.875,32,32,27,MINNESOTA,1,,,,,,
37.521308,-121.25,32,32,27,MINNESOTA,1,,,,,,
37.521308,-120.625,32,32,27,MINNESOTA,1,,,,,,
37.521308,-120,32,32,27,MINNESOTA,1,,,,,,
37.521308,-119.375,32,32,27,MINNESOTA,1,,,,,,
37.521308,-118.75,32,32,27,MINNESOTA,1,,,,,,
37.521308,-118.125,32,32,27,MINNESOTA,1,,,,,,
37.521308,-117.5,32,32,27,MINNESOTA,1,,,,,,
37.521308,-116.875,32,32,27,MINNESOTA,1,,,,,,
37.521308,-116.25,32,32,27,MINNESOTA,1,,,,,,
37.521308,-115.625,32,32,27,MINNESOTA,1,,,,,,
37.521308,-115,32,32,27,MINNESOTA,1,,,,,,
37.521308,-114.375,32,32,27,MINNESOTA,1,,,,,,
37.521308,-113.75,32,32,27,MINNESOTA,1,,,,,,
37.521308,-113.125,32,32,27,MINNESOTA,1,,,,,,
37.521308,-112.5,32,32,27,MINNESOTA,1,,,,,,
37.521308,-111.875,32,32,27,MINNESOTA,1,,,,,,
37.521308,-111.25,32,32,27,MINNESOTA,1,,,,,,
37.521308,-110.625,32,32,27,MINNESOTA,1,,,,,,
37.521308,-110,32,32,27,MINNESOTA,1,,,,,,
37.521308,-109.375,32,32,27,MINNESOTA,1,,,,,,
37.521308,-108.75,32,32,27,MINNESOTA,1,,,,,,
37.521308,-108.125,32,32,27,MINNESOTA,1,,,,,,
37.521308,-107.5,32,32,27,MINNESOTA,1,,,,,,
37.521308,-106.875,32,32,27,MINNESOTA,1,,,,,,
37.521308,-106.25,32,32,27,MINNESOTA,1,,,,,,
37.521308,-105.625,32,32,27,MINNESOTA,1,,,,,,
37.521308,-105,32,32,27,MINNESOTA,1,,,,,,
37.521308,-104.375,32,32,27,MINNESOTA,1,,,,,,
37.521308,-103.75,32,32,27,MINNESOTA,1,,,,,,
37.521308,-103.125,32,32,27,MINNESOTA,1,,,,,,
37.521308,-102.5,32,32,27,MINNESOTA,1,,,,,,
37.521308,-101.875,32,32,27,MINNESOTA,1,,,,,,
37.521308,-101.25,32,32,27,MINNESOTA,1,,,,,,
37.521308,-100.625,32,32,27,MINNESOTA,1,,,,,,
37.521308,-100,32,32,27,MINNESOTA,1,,,,,,
37.521308,-99.375,32,32,27,MINNESOTA,1,,,,,,
37.521308,-98.75,32,32,27,MINNESOTA,1,,,,,,
37.521308,-98.125,32,32,27,MINNESOTA,1,,,,,,
37.521308,-97.5,32,32,27,MINNESOTA,1,,,,,,
37.521308,-96.875,32,32,27,MINNESOTA,1,,,,,,
37.521308,-96.25,32,32,27,MINNESOTA,1,,,,,,
37.521308,-95.625,32,32,27,MINNESOTA,1,,,,,,
37.521308,-95,32,32,27,MINNESOTA,1,,,,,,
37.521308,-94.375,32,32,27,MINNESOTA,1,,,,,,
37.521308,-93.75,32,32,27,MINNESOTA,1,,,,,,
37.521308,-93.125,32,32,27,MINNESOTA,1,,,,,,
37.521308,-92.5,32,32,27,MINNESOTA,1,,,,,,
37.521308,-91.875,32,32,27,MINNESOTA,1,,,,,,
37.521308,-91.25,32,32,27,MINNESOTA,1,,,,,,
37.521308,-90.625,32,32,27,MINNESOTA,1,,,,,,
37.521308,-90,32,32,27,MINNESOTA,1,,,,,,
37.521308,-89.375,32,32,27,MINNESOTA,1,,,,,,
37.521308,-88.75,32,32,27,MINNESOTA,1,,,,,,
37.521308,-88.125,32,32,27,MINNESOTA,1,,,,,,
37.521308,-87.5,32,32,27,MINNESOTA,1,,,,,,
37.521308,-86.875,32,32,27,MINNESOTA,1,,,,,,
37.521308,-86.25,32,32,27,MINNESOTA,1,,,,,,
37.521308,-85.625,32,32,27,MINNESOTA,1,,,,,,
37.521308,-85,32,32,27,MINNESOTA,1,,,,,,
37.521308,-84.375,32,32,27,MINNESOTA,1,,,,,,
37.521308,-83.75,32,32,27,MINNESOTA,1,,,,,,
37.521308,-83.125,32,32,27,MINNESOTA,1,,,,,,
37.521308,-82.5,32,32,27,MINNESOTA,1,,,,,,
37.521308,-81.875,32,32,28,MISSISSIPPI,5,,,,,,
37.521308,-81.25,32,32,28,MISSISSIPPI,5,,,,,,
37.521308,-80.625,32,32,28,MISSISSIPPI,5,,,,,,
37.521308,-80,32,32,28,MISSISSIPPI,5,,,,,,
37.521308,-79.375,33,33,28,MISSISSIPPI,5,,,,,,
37.521308,-78.75,33,33,28,MISSISSIPPI,5,,,,,,
37.521308,-78.125,33,33,28,MISSISSIPPI,5,,,,,,
37.521308,-77.5,33,33,28,MISSISSIPPI,5,,,,,,
37.521308,-76.875,33,33,28,MISSISSIPPI,5,,,,,,
38.146308,-122.5,33,33,28,MISSISSIPPI,5,,,,,,
38.146308,-121.875,34,34,28,MISSISSIPPI,5,,,,,,
38.146308,-121.25,34,34,28,MISSISSIPPI,5,,,,,,
38.146308,-120.625,34,34,28,MISSISSIPPI,5,,,,,,
38.146308,-120,34,34,28,MISSISSIPPI,5,,,,,,
38.146308,-119.375,34,34,28,MISSISSIPPI,5,,,,,,
38.146308,-118.75,34,34,28,MISSISSIPPI,5,,,,,,
38.146308,-118.125,35,35,28,MISSISSIPPI,5,,,,,,
38.146308,-117.5,35,35,28,MISSISSIPPI,5,,,,,,
38.146308,-116.875,35,35,28,MISSISSIPPI,5,,,,,,
38.146308,-116.25,35,35,28,MISSISSIPPI,5,,,,,,
38.146308,-115.625,35,35,28,MISSISSIPPI,5,,,,,,
38.146308,-115,35,35,28,MISSISSIPPI,5,,,,,,
38.146308,-114.375,35,35,28,MISSISSIPPI,5,,,,,,
38.146308,-113.75,35,35,28,MISSISSIPPI,5,,,,,,
38.146308,-113.125,35,35,28,MISSISSIPPI,5,,,,,,
38.146308,-112.5,35,35,28,MISSISSIPPI,5,,,,,,
38.146308,-111.875,35,35,29,MISSOURI,3,,,,,,
38.146308,-111.25,35,35,29,MISSOURI,3,,,,,,
38.146308,-110.625,35,35,29,MISSOURI,3,,,,,,
38.146308,-110,35,35,29,MISSOURI,3,,,,,,
38.146308,-109.375,35,35,29,MISSOURI,3,,,,,,
38.146308,-108.75,35,35,29,MISSOURI,3,,,,,,
38.146308,-108.125,35,35,29,MISSOURI,3,,,,,,
38.146308,-107.5,35,35,29,MISSOURI,3,,,,,,
38.146308,-106.875,35,35,29,MISSOURI,3,,,,,,
38.146308,-106.25,35,35,29,MISSOURI,3,,,,,,
38.146308,-105.625,35,35,29,MISSOURI,3,,,,,,
38.146308,-105,35,35,29,MISSOURI,3,,,,,,
38.146308,-104.375,35,35,29,MISSOURI,3,,,,,,
38.146308,-103.75,35,35,29,MISSOURI,3,,,,,,
38.146308,-103.125,35,35,29,MISSOURI,3,,,,,,
38.146308,-102.5,35,35,29,MISSOURI,3,,,,,,
38.146308,-101.875,35,35,29,MISSOURI,3,,,,,,
38.146308,-101.25,35,35,29,MISSOURI,3,,,,,,
38.146308,-100.625,35,35,29,MISSOURI,3,,,,,,
38.146308,-100,35,35,29,MISSOURI,3,,,,,,
38.146308,-99.375,35,35,29,MISSOURI,3,,,,,,
38.146308,-98.75,35,35,29,MISSOURI,3,,,,,,
38.146308,-98.125,35,35,29,MISSOURI,3,,,,,,
38.146308,-97.5,35,35,29,MISSOURI,3,,,,,,
38.146308,-96.875,35,35,29,MISSOURI,3,,,,,,
38.146308,-96.25,35,35,29,MISSOURI,3,,,,,,
38.146308,-95.625,35,35,29,MISSOURI,3,,,,,,
38.146308,-95,35,35,29,MISSOURI,3,,,,,,
38.146308,-94.375,35,35,29,MISSOURI,3,,,,,,
38.146308,-93.75,35,35,29,MISSOURI,3,,,,,,
38.146308,-93.125,35,35,29,MISSOURI,3,,,,,,
38.146308,-92.5,35,35,29,MISSOURI,3,,,,,,
38.146308,-91.875,35,35,29,MISSOURI,3,,,,,,
38.146308,-91.25,35,35,29,MISSOURI,3,,,,,,
38.146308,-90.625,35,35,29,MISSOURI,3,,,,,,
38.146308,-90,35,35,29,MISSOURI,3,,,,,,
38.146308,-89.375,35,35,29,MISSOURI,3,,,,,,
38.146308,-88.75,35,35,29,MISSOURI,3,,,,,,
38.146308,-88.125,35,35,29,MISSOURI,3,,,,,,
38.146308,-87.5,35,35,29,MISSOURI,3,,,,,,
38.146308,-86.875,35,35,29,MISSOURI,3,,,,,,
38.146308,-86.25,35,35,29,MISSOURI,3,,,,,,
38.146308,-85.625,35,35,29,MISSOURI,3,,,,,,
38.146308,-85,35,35,29,MISSOURI,3,,,,,,
38.146308,-84.375,35,35,30,MONTANA,0,,,,,,
38.146308,-83.75,35,35,30,MONTANA,0,,,,,,
38.146308,-83.125,35,35,30,MONTANA,0,,,,,,
38.146308,-82.5,35,35,30,MONTANA,0,,,,,,
38.146308,-81.875,35,35,30,MONTANA,0,,,,,,
38.146308,-81.25,35,35,30,MONTANA,0,,,,,,
38.146308,-80.625,35,35,30,MONTANA,0,,,,,,
38.146308,-80,35,35,30,MONTANA,0,,,,,,
38.146308,-79.375,35,35,30,MONTANA,0,,,,,,
38.146308,-78.75,35,35,30,MONTANA,0,,,,,,
38.146308,-78.125,35,35,30,MONTANA,0,,,,,,
38.146308,-77.5,35,35,30,MONTANA,0,,,,,,
38.146308,-76.875,35,35,30,MONTANA,0,,,,,,
38.146308,-75.625,35,35,30,MONTANA,0,,,,,,
38.771308,-123.125,35,35,30,MONTANA,0,,,,,,
38.771308,-122.5,35,35,30,MONTANA,0,,,,,,
38.771308,-121.875,35,35,30,MONTANA,0,,,,,,
38.771308,-121.25,35,35,30,MONTANA,0,,,,,,
38.771308,-120.625,35,35,30,MONTANA,0,,,,,,
38.771308,-120,35,35,30,MONTANA,0,,,,,,
38.771308,-119.375,35,35,30,MONTANA,0,,,,,,
38.771308,-118.75,35,35,30,MONTANA,0,,,,,,
38.771308,-118.125,35,35,30,MONTANA,0,,,,,,
38.771308,-117.5,35,35,30,MONTANA,0,,,,,,
38.771308,-116.875,35,35,30,MONTANA,0,,,,,,
38.771308,-116.25,35,35,30,MONTANA,0,,,,,,
38.771308,-115.625,35,35,30,MONTANA,0,,,,,,
38.771308,-115,35,35,30,MONTANA,0,,,,,,
38.771308,-114.375,35,35,30,MONTANA,0,,,,,,
38.771308,-113.75,35,35,30,MONTANA,0,,,,,,
38.771308,-113.125,36,36,30,MONTANA,0,,,,,,
38.771308,-112.5,36,36,30,MONTANA,0,,,,,,
38.771308,-111.875,36,36,30,MONTANA,0,,,,,,
38.771308,-111.25,36,36,30,MONTANA,0,,,,,,
38.771308,-110.625,36,36,30,MONTANA,0,,,,,,
38.771308,-110,36,36,30,MONTANA,0,,,,,,
38.771308,-109.375,36,36,30,MONTANA,0,,,,,,
38.771308,-108.75,36,36,30,MONTANA,0,,,,,,
38.771308,-108.125,36,36,30,MONTANA,0,,,,,,
38.771308,-107.5,36,36,30,MONTANA,0,,,,,,
38.771308,-106.875,36,36,30,MONTANA,0,,,,,,
38.771308,-106.25,36,36,30,MONTANA,0,,,,,,
38.771308,-105.625,36,36,30,MONTANA,0,,,,,,
38.771308,-105,36,36,30,MONTANA,0,,,,,,
38.771308,-104.375,36,36,30,MONTANA,0,,,,,,
38.771308,-103.75,36,36,30,MONTANA,0,,,,,,
38.771308,-103.125,36,36,30,MONTANA,0,,,,,,
38.771308,-102.5,36,36,30,MONTANA,0,,,,,,
38.771308,-101.875,36,36,30,MONTANA,0,,,,,,
38.771308,-101.25,36,36,30,MONTANA,0,,,,,,
38.771308,-100.625,36,36,30,MONTANA,0,,,,,,
38.771308,-100,36,36,30,MONTANA,0,,,,,,
38.771308,-99.375,36,36,30,MONTANA,0,,,,,,
38.771308,-98.75,36,36,30,MONTANA,0,,,,,,
38.771308,-98.125,36,36,30,MONTANA,0,,,,,,
38.771308,-97.5,36,36,30,MONTANA,0,,,,,,
38.771308,-96.875,36,36,30,MONTANA,0,,,,,,
38.771308,-96.25,36,36,30,MONTANA,0,,,,,,
38.771308,-95.625,36,36,30,MONTANA,0,,,,,,
38.771308,-95,36,36,30,MONTANA,0,,,,,,
38.771308,-94.375,36,36,30,MONTANA,0,,,,,,
38.771308,-93.75,36,36,30,MONTANA,0,,,,,,
38.771308,-93.125,37,37,30,MONTANA,0,,,,,,
38.771308,-92.5,37,37,30,MONTANA,0,,,,,,
38.771308,-91.875,37,37,30,MONTANA,0,,,,,,
38.771308,-91.25,37,37,30,MONTANA,0,,,,,,
38.771308,-90.625,37,37,30,MONTANA,0,,,,,,
38.771308,-90,37,37,30,MONTANA,0,,,,,,
38.771308,-89.375,37,37,30,MONTANA,0,,,,,,
38.771308,-88.75,37,37,30,MONTANA,0,,,,,,
38.771308,-88.125,37,37,30,MONTANA,0,,,,,,
38.771308,-87.5,37,37,30,MONTANA,0,,,,,,
38.771308,-86.875,37,37,30,MONTANA,0,,,,,,
38.771308,-86.25,37,37,30,MONTANA,0,,,,,,
38.771308,-85.625,37,37,30,MONTANA,0,,,,,,
38.771308,-85,37,37,30,MONTANA,0,,,,,,
38.771308,-84.375,37,37,30,MONTANA,0,,,,,,
38.771308,-83.75,37,37,30,MONTANA,0,,,,,,
38.771308,-83.125,37,37,30,MONTANA,0,,,,,,
38.771308,-82.5,37,37,30,MONTANA,0,,,,,,
38.771308,-81.875,37,37,30,MONTANA,0,,,,,,
38.771308,-81.25,37,37,30,MONTANA,0,,,,,,
38.771308,-80.625,37,37,30,MONTANA,0,,,,,,
38.771308,-80,37,37,30,MONTANA,0,,,,,,
38.771308,-79.375,37,37,30,MONTANA,0,,,,,,
38.771308,-78.75,37,37,30,MONTANA,0,,,,,,
38.771308,-78.125,37,37,30,MONTANA,0,,,,,,
38.771308,-77.5,37,37,30,MONTANA,0,,,,,,
38.771308,-76.875,37,37,30,MONTANA,0,,,,,,
38.771308,-76.25,37,37,30,MONTANA,0,,,,,,
38.771308,-75.625,37,37,30,MONTANA,0,,,,,,
39.396308,-123.75,37,37,30,MONTANA,0,,,,,,
39.396308,-123.125,37,37,30,MONTANA,0,,,,,,
39.396308,-122.5,37,37,30,MONTANA,0,,,,,,
39.396308,-121.875,37,37,30,MONTANA,0,,,,,,
39.396308,-121.25,37,37,30,MONTANA,0,,,,,,
39.396308,-120.625,37,37,30,MONTANA,0,,,,,,
39.396308,-120,38,38,30,MONTANA,0,,,,,,
39.396308,-119.375,38,38,30,MONTANA,0,,,,,,
39.396308,-118.75,38,38,30,MONTANA,0,,,,,,
39.396308,-118.125,38,38,30,MONTANA,0,,,,,,
39.396308,-117.5,38,38,30,MONTANA,0,,,,,,
39.396308,-116.875,38,38,30,MONTANA,0,,,,,,
39.396308,-116.25,38,38,30,MONTANA,0,,,,,,
39.396308,-115.625,38,38,30,MONTANA,0,,,,,,
39.396308,-115,38,38,30,MONTANA,0,,,,,,
39.396308,-114.375,38,38,30,MONTANA,0,,,,,,
39.396308,-113.75,38,38,30,MONTANA,0,,,,,,
39.396308,-113.125,38,38,30,MONTANA,0,,,,,,
39.396308,-112.5,38,38,30,MONTANA,0,,,,,,
39.396308,-111.875,38,38,30,MONTANA,0,,,,,,
39.396308,-111.25,38,38,30,MONTANA,0,,,,,,
39.396308,-110.625,38,38,30,MONTANA,0,,,,,,
39.396308,-110,38,38,30,MONTANA,0,,,,,,
39.396308,-109.375,38,38,30,MONTANA,0,,,,,,
39.396308,-108.75,38,38,30,MONTANA,0,,,,,,
39.396308,-108.125,38,38,30,MONTANA,0,,,,,,
39.396308,-107.5,38,38,30,MONTANA,0,,,,,,
39.396308,-106.875,38,38,30,MONTANA,0,,,,,,
39.396308,-106.25,38,38,30,MONTANA,0,,,,,,
39.396308,-105.625,38,38,30,MONTANA,0,,,,,,
39.396308,-105,38,38,30,MONTANA,0,,,,,,
39.396308,-104.375,38,38,30,MONTANA,0,,,,,,
39.396308,-103.75,38,38,31,NEBRASKA,2,,,,,,
39.396308,-103.125,38,38,31,NEBRASKA,2,,,,,,
39.396308,-102.5,38,38,31,NEBRASKA,2,,,,,,
39.396308,-101.875,38,38,31,NEBRASKA,2,,,,,,
39.396308,-101.25,38,38,31,NEBRASKA,2,,,,,,
39.396308,-100.625,38,38,31,NEBRASKA,2,,,,,,
39.396308,-100,38,38,31,NEBRASKA,2,,,,,,
39.396308,-99.375,38,38,31,NEBRASKA,2,,,,,,
39.396308,-98.75,38,38,31,NEBRASKA,2,,,,,,
39.396308,-98.125,38,38,31,NEBRASKA,2,,,,,,
39.396308,-97.5,38,38,31,NEBRASKA,2,,,,,,
39.396308,-96.875,38,38,31,NEBRASKA,2,,,,,,
39.396308,-96.25,38,38,31,NEBRASKA,2,,,,,,
39.396308,-95.625,38,38,31,NEBRASKA,2,,,,,,
39.396308,-95,38,38,31,NEBRASKA,2,,,,,,
39.396308,-94.375,38,38,31,NEBRASKA,2,,,,,,
39.396308,-93.75,38,38,31,NEBRASKA,2,,,,,,
39.396308,-93.125,38,38,31,NEBRASKA,2,,,,,,
39.396308,-92.5,38,38,31,NEBRASKA,2,,,,,,
39.396308,-91.875,38,38,31,NEBRASKA,2,,,,,,
39.396308,-91.25,38,38,31,NEBRASKA,2,,,,,,
39.396308,-90.625,38,38,31,NEBRASKA,2,,,,,,
39.396308,-90,38,38,31,NEBRASKA,2,,,,,,
39.396308,-89.375,38,38,31,NEBRASKA,2,,,,,,
39.396308,-88.75,38,38,31,NEBRASKA,2,,,,,,
39.396308,-88.125,38,38,31,NEBRASKA,2,,,,,,
39.396308,-87.5,38,38,31,NEBRASKA,2,,,,,,
39.396308,-86.875,38,38,31,NEBRASKA,2,,,,,,
39.396308,-86.25,38,38,31,NEBRASKA,2,,,,,,
39.396308,-85.625,38,38,31,NEBRASKA,2,,,,,,
39.396308,-85,38,38,31,NEBRASKA,2,,,,,,
39.396308,-84.375,38,38,31,NEBRASKA,2,,,,,,
39.396308,-83.75,39,39,31,NEBRASKA,2,,,,,,
39.396308,-83.125,39,39,31,NEBRASKA,2,,,,,,
39.396308,-82.5,39,39,31,NEBRASKA,2,,,,,,
39.396308,-81.875,39,39,31,NEBRASKA,2,,,,,,
39.396308,-81.25,39,39,31,NEBRASKA,2,,,,,,
39.396308,-80.625,39,39,31,NEBRASKA,2,,,,,,
39.396308,-80,39,39,31,NEBRASKA,2,,,,,,
39.396308,-79.375,39,39,31,NEBRASKA,2,,,,,,
39.396308,-78.75,39,39,31,NEBRASKA,2,,,,,,
39.396308,-78.125,39,39,31,NEBRASKA,2,,,,,,
39.396308,-77.5,39,39,31,NEBRASKA,2,,,,,,
39.396308,-76.875,39,39,31,NEBRASKA,2,,,,,,
39.396308,-76.25,39,39,31,NEBRASKA,2,,,,,,
39.396308,-75.625,39,39,31,NEBRASKA,2,,,,,,
39.396308,-75,39,39,31,NEBRASKA,2,,,,,,
39.396308,-74.375,39,39,31,NEBRASKA,2,,,,,,
40.021308,-123.75,39,39,31,NEBRASKA,2,,,,,,
40.021308,-123.125,39,39,31,NEBRASKA,2,,,,,,
40.021308,-122.5,39,39,31,NEBRASKA,2,,,,,,
40.021308,-121.875,39,39,31,NEBRASKA,2,,,,,,
40.021308,-121.25,39,39,31,NEBRASKA,2,,,,,,
40.021308,-120.625,39,39,31,NEBRASKA,2,,,,,,
40.021308,-120,39,39,31,NEBRASKA,2,,,,,,
40.021308,-119.375,39,39,31,NEBRASKA,2,,,,,,
40.021308,-118.75,39,39,31,NEBRASKA,2,,,,,,
40.021308,-118.125,39,39,31,NEBRASKA,2,,,,,,
40.021308,-117.5,39,39,31,NEBRASKA,2,,,,,,
40.021308,-116.875,39,39,32,NEVADA,,,,,,,
40.021308,-116.25,39,39,32,NEVADA,,,,,,,
40.021308,-115.625,39,39,32,NEVADA,,,,,,,
40.021308,-115,40,40,32,NEVADA,,,,,,,
40.021308,-114.375,40,40,32,NEVADA,,,,,,,
40.021308,-113.75,40,40,32,NEVADA,,,,,,,
40.021308,-113.125,40,40,32,NEVADA,,,,,,,
40.021308,-112.5,40,40,32,NEVADA,,,,,,,
40.021308,-111.875,40,40,32,NEVADA,,,,,,,
40.021308,-111.25,40,40,32,NEVADA,,,,,,,
40.021308,-110.625,40,40,32,NEVADA,,,,,,,
40.021308,-110,40,40,32,NEVADA,,,,,,,
40.021308,-109.375,40,40,32,NEVADA,,,,,,,
40.021308,-108.75,40,40,32,NEVADA,,,,,,,
40.021308,-108.125,40,40,32,NEVADA,,,,,,,
40.021308,-107.5,40,40,32,NEVADA,,,,,,,
40.021308,-106.875,40,40,32,NEVADA,,,,,,,
40.021308,-106.25,40,40,32,NEVADA,,,,,,,
40.021308,-105.625,40,40,32,NEVADA,,,,,,,
40.021308,-105,40,40,32,NEVADA,,,,,,,
40.021308,-104.375,40,40,32,NEVADA,,,,,,,
40.021308,-103.75,40,40,32,NEVADA,,,,,,,
40.021308,-103.125,40,40,32,NEVADA,,,,,,,
40.021308,-102.5,40,40,32,NEVADA,,,,,,,
40.021308,-101.875,40,40,32,NEVADA,,,,,,,
40.021308,-101.25,40,40,32,NEVADA,,,,,,,
40.021308,-100.625,40,40,32,NEVADA,,,,,,,
40.021308,-100,40,40,32,NEVADA,,,,,,,
40.021308,-99.375,40,40,32,NEVADA,,,,,,,
40.021308,-98.75,40,40,32,NEVADA,,,,,,,
40.021308,-98.125,40,40,32,NEVADA,,,,,,,
40.021308,-97.5,40,40,32,NEVADA,,,,,,,
40.021308,-96.875,40,40,32,NEVADA,,,,,,,
40.021308,-96.25,40,40,32,NEVADA,,,,,,,
40.021308,-95.625,40,40,32,NEVADA,,,,,,,
40.021308,-95,40,40,32,NEVADA,,,,,,,
40.021308,-94.375,40,40,32,NEVADA,,,,,,,
40.021308,-93.75,40,40,32,NEVADA,,,,,,,
40.021308,-93.125,40,40,32,NEVADA,,,,,,,
40.021308,-92.5,40,40,32,NEVADA,,,,,,,
40.021308,-91.875,40,40,32,NEVADA,,,,,,,
40.021308,-91.25,40,40,32,NEVADA,,,,,,,
40.021308,-90.625,40,40,32,NEVADA,,,,,,,
40.021308,-90,40,40,32,NEVADA,,,,,,,
40.021308,-89.375,40,40,32,NEVADA,,,,,,,
40.021308,-88.75,40,40,32,NEVADA,,,,,,,
40.021308,-88.125,40,40,32,NEVADA,,,,,,,
40.021308,-87.5,40,40,32,NEVADA,,,,,,,
40.021308,-86.875,40,40,32,NEVADA,,,,,,,
40.021308,-86.25,40,40,32,NEVADA,,,,,,,
40.021308,-85.625,40,40,32,NEVADA,,,,,,,
40.021308,-85,41,41,32,NEVADA,,,,,,,
40.021308,-84.375,41,41,32,NEVADA,,,,,,,
40.021308,-83.75,41,41,32,NEVADA,,,,,,,
40.021308,-83.125,41,41,32,NEVADA,,,,,,,
40.021308,-82.5,41,41,32,NEVADA,,,,,,,
40.021308,-81.875,41,41,32,NEVADA,,,,,,,
40.021308,-81.25,41,41,32,NEVADA,,,,,,,
40.021308,-80.625,41,41,32,NEVADA,,,,,,,
40.021308,-80,41,41,32,NEVADA,,,,,,,
40.021308,-79.375,41,41,32,NEVADA,,,,,,,
40.021308,-78.75,41,41,32,NEVADA,,,,,,,
40.021308,-78.125,41,41,32,NEVADA,,,,,,,
40.021308,-77.5,41,41,32,NEVADA,,,,,,,
40.021308,-76.875,41,41,32,NEVADA,,,,,,,
40.021308,-76.25,41,41,32,NEVADA,,,,,,,
40.021308,-75.625,41,41,32,NEVADA,,,,,,,
40.021308,-75,41,41,32,NEVADA,,,,,,,
40.021308,-74.375,41,41,32,NEVADA,,,,,,,
40.646308,-123.75,41,41,32,NEVADA,,,,,,,
40.646308,-123.125,41,41,32,NEVADA,,,,,,,
40.646308,-122.5,41,41,32,NEVADA,,,,,,,
40.646308,-121.875,41,41,32,NEVADA,,,,,,,
40.646308,-121.25,41,41,32,NEVADA,,,,,,,
40.646308,-120.625,41,41,32,NEVADA,,,,,,,
40.646308,-120,41,41,32,NEVADA,,,,,,,
40.646308,-119.375,41,41,32,NEVADA,,,,,,,
40.646308,-118.75,41,41,32,NEVADA,,,,,,,
40.646308,-118.125,41,41,33,NEW HAMPSHIRE,1,,,,,,
40.646308,-117.5,41,41,33,NEW HAMPSHIRE,1,,,,,,
40.646308,-116.875,41,41,33,NEW HAMPSHIRE,1,,,,,,
40.646308,-116.25,41,41,33,NEW HAMPSHIRE,1,,,,,,
40.646308,-115.625,41,41,33,NEW HAMPSHIRE,1,,,,,,
40.646308,-115,41,41,33,NEW HAMPSHIRE,1,,,,,,
40.646308,-114.375,41,41,34,NEW JERSEY,3,,,,,,
40.646308,-113.75,41,41,34,NEW JERSEY,3,,,,,,
40.646308,-113.125,41,41,34,NEW JERSEY,3,,,,,,
40.646308,-112.5,41,41,34,NEW JERSEY,3,,,,,,
40.646308,-111.875,41,41,34,NEW JERSEY,3,,,,,,
40.646308,-111.25,41,41,34,NEW JERSEY,3,,,,,,
40.646308,-110.625,41,41,35,NEW MEXICO,5,,,,,,
40.646308,-110,41,41,35,NEW MEXICO,5,,,,,,
40.646308,-109.375,41,41,35,NEW MEXICO,5,,,,,,
40.646308,-108.75,41,41,35,NEW MEXICO,5,,,,,,
40.646308,-108.125,41,41,35,NEW MEXICO,5,,,,,,
40.646308,-107.5,41,41,35,NEW MEXICO,5,,,,,,
40.646308,-106.875,41,41,35,NEW MEXICO,5,,,,,,
40.646308,-106.25,41,41,35,NEW MEXICO,5,,,,,,
40.646308,-105.625,41,41,35,NEW MEXICO,5,,,,,,
40.646308,-105,41,41,35,NEW MEXICO,5,,,,,,
40.646308,-104.375,41,41,35,NEW MEXICO,5,,,,,,
40.646308,-103.75,41,41,35,NEW MEXICO,5,,,,,,
40.646308,-103.125,41,41,35,NEW MEXICO,5,,,,,,
40.646308,-102.5,41,41,35,NEW MEXICO,5,,,,,,
40.646308,-101.875,41,41,35,NEW MEXICO,5,,,,,,
40.646308,-101.25,41,41,35,NEW MEXICO,5,,,,,,
40.646308,-100.625,41,41,35,NEW MEXICO,5,,,,,,
40.646308,-100,41,41,35,NEW MEXICO,5,,,,,,
40.646308,-99.375,41,41,35,NEW MEXICO,5,,,,,,
40.646308,-98.75,41,41,35,NEW MEXICO,5,,,,,,
40.646308,-98.125,41,41,35,NEW MEXICO,5,,,,,,
40.646308,-97.5,41,41,35,NEW MEXICO,5,,,,,,
40.646308,-96.875,41,41,35,NEW MEXICO,5,,,,,,
40.646308,-96.25,41,41,35,NEW MEXICO,5,,,,,,
40.646308,-95.625,41,41,35,NEW MEXICO,5,,,,,,
40.646308,-95,41,41,35,NEW MEXICO,5,,,,,,
40.646308,-94.375,41,41,35,NEW MEXICO,5,,,,,,
40.646308,-93.75,41,41,35,NEW MEXICO,5,,,,,,
40.646308,-93.125,41,41,35,NEW MEXICO,5,,,,,,
40.646308,-92.5,41,41,35,NEW MEXICO,5,,,,,,
40.646308,-91.875,42,42,35,NEW MEXICO,5,,,,,,
40.646308,-91.25,42,42,35,NEW MEXICO,5,,,,,,
40.646308,-90.625,42,42,35,NEW MEXICO,5,,,,,,
40.646308,-90,42,42,35,NEW MEXICO,5,,,,,,
40.646308,-89.375,42,42,35,NEW MEXICO,5,,,,,,
40.646308,-88.75,42,42,35,NEW MEXICO,5,,,,,,
40.646308,-88.125,42,42,35,NEW MEXICO,5,,,,,,
40.646308,-87.5,42,42,35,NEW MEXICO,5,,,,,,
40.646308,-86.875,42,42,35,NEW MEXICO,5,,,,,,
40.646308,-86.25,42,42,35,NEW MEXICO,5,,,,,,
40.646308,-85.625,42,42,35,NEW MEXICO,5,,,,,,
40.646308,-85,42,42,35,NEW MEXICO,5,,,,,,
40.646308,-84.375,42,42,35,NEW MEXICO,5,,,,,,
40.646308,-83.75,42,42,35,NEW MEXICO,5,,,,,,
40.646308,-83.125,42,42,35,NEW MEXICO,5,,,,,,
40.646308,-82.5,42,42,35,NEW MEXICO,5,,,,,,
40.646308,-81.875,42,42,35,NEW MEXICO,5,,,,,,
40.646308,-81.25,42,42,35,NEW MEXICO,5,,,,,,
40.646308,-80.625,42,42,35,NEW MEXICO,5,,,,,,
40.646308,-80,42,42,35,NEW MEXICO,5,,,,,,
40.646308,-79.375,42,42,35,NEW MEXICO,5,,,,,,
40.646308,-78.75,42,42,35,NEW MEXICO,5,,,,,,
40.646308,-78.125,42,42,35,NEW MEXICO,5,,,,,,
40.646308,-77.5,42,42,35,NEW MEXICO,5,,,,,,
40.646308,-76.875,42,42,35,NEW MEXICO,5,,,,,,
40.646308,-76.25,42,42,35,NEW MEXICO,5,,,,,,
40.646308,-75.625,42,42,35,NEW MEXICO,5,,,,,,
40.646308,-75,42,42,35,NEW MEXICO,5,,,,,,
40.646308,-74.375,42,42,35,NEW MEXICO,5,,,,,,
40.646308,-73.75,42,42,35,NEW MEXICO,5,,,,,,
41.271308,-123.75,42,42,35,NEW MEXICO,5,,,,,,
41.271308,-123.125,42,42,35,NEW MEXICO,5,,,,,,
41.271308,-122.5,42,42,35,NEW MEXICO,5,,,,,,
41.271308,-121.875,45,45,35,NEW MEXICO,5,,,,,,
41.271308,-121.25,45,45,35,NEW MEXICO,5,,,,,,
41.271308,-120.625,45,45,35,NEW MEXICO,5,,,,,,
41.271308,-120,45,45,35,NEW MEXICO,5,,,,,,
41.271308,-119.375,45,45,35,NEW MEXICO,5,,,,,,
41.271308,-118.75,45,45,35,NEW MEXICO,5,,,,,,
41.271308,-118.125,45,45,35,NEW MEXICO,5,,,,,,
41.271308,-117.5,45,45,35,NEW MEXICO,5,,,,,,
41.271308,-116.875,45,45,35,NEW MEXICO,5,,,,,,
41.271308,-116.25,45,45,35,NEW MEXICO,5,,,,,,
41.271308,-115.625,45,45,35,NEW MEXICO,5,,,,,,
41.271308,-115,45,45,35,NEW MEXICO,5,,,,,,
41.271308,-114.375,45,45,35,NEW MEXICO,5,,,,,,
41.271308,-113.75,45,45,35,NEW MEXICO,5,,,,,,
41.271308,-113.125,45,45,35,NEW MEXICO,5,,,,,,
41.271308,-112.5,45,45,35,NEW MEXICO,5,,,,,,
41.271308,-111.875,45,45,35,NEW MEXICO,5,,,,,,
41.271308,-111.25,45,45,35,NEW MEXICO,5,,,,,,
41.271308,-110.625,45,45,35,NEW MEXICO,5,,,,,,
41.271308,-110,45,45,35,NEW MEXICO,5,,,,,,
41.271308,-109.375,46,46,35,NEW MEXICO,5,,,,,,
41.271308,-108.75,46,46,36,NEW YORK,1,,,,,,
41.271308,-108.125,46,46,36,NEW YORK,1,,,,,,
41.271308,-107.5,46,46,36,NEW YORK,1,,,,,,
41.271308,-106.875,46,46,36,NEW YORK,1,,,,,,
41.271308,-106.25,46,46,36,NEW YORK,1,,,,,,
41.271308,-105.625,46,46,36,NEW YORK,1,,,,,,
41.271308,-105,46,46,36,NEW YORK,1,,,,,,
41.271308,-104.375,46,46,36,NEW YORK,1,,,,,,
41.271308,-103.75,46,46,36,NEW YORK,1,,,,,,
41.271308,-103.125,46,46,36,NEW YORK,1,,,,,,
41.271308,-102.5,46,46,36,NEW YORK,1,,,,,,
41.271308,-101.875,46,46,36,NEW YORK,1,,,,,,
41.271308,-101.25,46,46,36,NEW YORK,1,,,,,,
41.271308,-100.625,46,46,36,NEW YORK,1,,,,,,
41.271308,-100,46,46,36,NEW YORK,1,,,,,,
41.271308,-99.375,46,46,36,NEW YORK,1,,,,,,
41.271308,-98.75,46,46,36,NEW YORK,1,,,,,,
41.271308,-98.125,46,46,36,NEW YORK,1,,,,,,
41.271308,-97.5,46,46,36,NEW YORK,1,,,,,,
41.271308,-96.875,46,46,36,NEW YORK,1,,,,,,
41.271308,-96.25,46,46,36,NEW YORK,1,,,,,,
41.271308,-95.625,46,46,36,NEW YORK,1,,,,,,
41.271308,-95,46,46,36,NEW YORK,1,,,,,,
41.271308,-94.375,46,46,36,NEW YORK,1,,,,,,
41.271308,-93.75,46,46,36,NEW YORK,1,,,,,,
41.271308,-93.125,46,46,36,NEW YORK,1,,,,,,
41.271308,-92.5,46,46,36,NEW YORK,1,,,,,,
41.271308,-91.875,46,46,36,NEW YORK,1,,,,,,
41.271308,-91.25,46,46,36,NEW YORK,1,,,,,,
41.271308,-90.625,46,46,36,NEW YORK,1,,,,,,
41.271308,-90,46,46,36,NEW YORK,1,,,,,,
41.271308,-89.375,46,46,36,NEW YORK,1,,,,,,
41.271308,-88.75,46,46,37,NORTH CAROLINA,5,,,,,,
41.271308,-88.125,46,46,37,NORTH CAROLINA,5,,,,,,
41.271308,-87.5,46,46,37,NORTH CAROLINA,5,,,,,,
41.271308,-86.875,46,46,37,NORTH CAROLINA,5,,,,,,
41.271308,-86.25,46,46,37,NORTH CAROLINA,5,,,,,,
41.271308,-85.625,46,46,37,NORTH CAROLINA,5,,,,,,
41.271308,-85,46,46,37,NORTH CAROLINA,5,,,,,,
41.271308,-84.375,46,46,37,NORTH CAROLINA,5,,,,,,
41.271308,-83.75,46,46,37,NORTH CAROLINA,5,,,,,,
41.271308,-83.125,46,46,37,NORTH CAROLINA,5,,,,,,
41.271308,-82.5,46,46,37,NORTH CAROLINA,5,,,,,,
41.271308,-81.875,46,46,37,NORTH CAROLINA,5,,,,,,
41.271308,-81.25,46,46,37,NORTH CAROLINA,5,,,,,,
41.271308,-80.625,46,46,37,NORTH CAROLINA,5,,,,,,
41.271308,-80,46,46,37,NORTH CAROLINA,5,,,,,,
41.271308,-79.375,46,46,37,NORTH CAROLINA,5,,,,,,
41.271308,-78.75,46,46,37,NORTH CAROLINA,5,,,,,,
41.271308,-78.125,46,46,37,NORTH CAROLINA,5,,,,,,
41.271308,-77.5,46,46,37,NORTH CAROLINA,5,,,,,,
41.271308,-76.875,46,46,37,NORTH CAROLINA,5,,,,,,
41.271308,-76.25,46,46,37,NORTH CAROLINA,5,,,,,,
41.271308,-75.625,46,46,37,NORTH CAROLINA,5,,,,,,
41.271308,-75,46,46,37,NORTH CAROLINA,5,,,,,,
41.271308,-74.375,46,46,37,NORTH CAROLINA,5,,,,,,
41.271308,-73.75,46,46,37,NORTH CAROLINA,5,,,,,,
41.271308,-73.125,46,46,37,NORTH CAROLINA,5,,,,,,
41.271308,-72.5,46,46,37,NORTH CAROLINA,5,,,,,,
41.271308,-70,47,47,37,NORTH CAROLINA,5,,,,,,
41.896308,-123.75,47,47,37,NORTH CAROLINA,5,,,,,,
41.896308,-123.125,47,47,37,NORTH CAROLINA,5,,,,,,
41.896308,-122.5,47,47,37,NORTH CAROLINA,5,,,,,,
41.896308,-121.875,47,47,37,NORTH CAROLINA,5,,,,,,
41.896308,-121.25,47,47,37,NORTH CAROLINA,5,,,,,,
41.896308,-120.625,47,47,37,NORTH CAROLINA,5,,,,,,
41.896308,-120,47,47,37,NORTH CAROLINA,5,,,,,,
41.896308,-119.375,47,47,38,NORTH DAKOTA,0,,,,,,
41.896308,-118.75,47,47,38,NORTH DAKOTA,0,,,,,,
41.896308,-118.125,47,47,38,NORTH DAKOTA,0,,,,,,
41.896308,-117.5,47,47,38,NORTH DAKOTA,0,,,,,,
41.896308,-116.875,47,47,38,NORTH DAKOTA,0,,,,,,
41.896308,-116.25,47,47,38,NORTH DAKOTA,0,,,,,,
41.896308,-115.625,47,47,38,NORTH DAKOTA,0,,,,,,
41.896308,-115,47,47,38,NORTH DAKOTA,0,,,,,,
41.896308,-114.375,47,47,38,NORTH DAKOTA,0,,,,,,
41.896308,-113.75,47,47,38,NORTH DAKOTA,0,,,,,,
41.896308,-113.125,47,47,38,NORTH DAKOTA,0,,,,,,
41.896308,-112.5,47,47,38,NORTH DAKOTA,0,,,,,,
41.896308,-111.875,47,47,38,NORTH DAKOTA,0,,,,,,
41.896308,-111.25,47,47,38,NORTH DAKOTA,0,,,,,,
41.896308,-110.625,47,47,38,NORTH DAKOTA,0,,,,,,
41.896308,-110,47,47,38,NORTH DAKOTA,0,,,,,,
41.896308,-109.375,47,47,38,NORTH DAKOTA,0,,,,,,
41.896308,-108.75,47,47,38,NORTH DAKOTA,0,,,,,,
41.896308,-108.125,47,47,38,NORTH DAKOTA,0,,,,,,
41.896308,-107.5,47,47,38,NORTH DAKOTA,0,,,,,,
41.896308,-106.875,47,47,38,NORTH DAKOTA,0,,,,,,
41.896308,-106.25,47,47,38,NORTH DAKOTA,0,,,,,,
41.896308,-105.625,47,47,38,NORTH DAKOTA,0,,,,,,
41.896308,-105,47,47,38,NORTH DAKOTA,0,,,,,,
41.896308,-104.375,48,48,38,NORTH DAKOTA,0,,,,,,
41.896308,-103.75,48,48,38,NORTH DAKOTA,0,,,,,,
41.896308,-103.125,48,48,38,NORTH DAKOTA,0,,,,,,
41.896308,-102.5,48,48,38,NORTH DAKOTA,0,,,,,,
41.896308,-101.875,48,48,38,NORTH DAKOTA,0,,,,,,
41.896308,-101.25,48,48,38,NORTH DAKOTA,0,,,,,,
41.896308,-100.625,48,48,38,NORTH DAKOTA,0,,,,,,
41.896308,-100,48,48,38,NORTH DAKOTA,0,,,,,,
41.896308,-99.375,48,48,38,NORTH DAKOTA,0,,,,,,
41.896308,-98.75,48,48,38,NORTH DAKOTA,0,,,,,,
41.896308,-98.125,48,48,38,NORTH DAKOTA,0,,,,,,
41.896308,-97.5,48,48,38,NORTH DAKOTA,0,,,,,,
41.896308,-96.875,48,48,38,NORTH DAKOTA,0,,,,,,
41.896308,-96.25,48,48,38,NORTH DAKOTA,0,,,,,,
41.896308,-95.625,48,48,38,NORTH DAKOTA,0,,,,,,
41.896308,-95,48,48,38,NORTH DAKOTA,0,,,,,,
41.896308,-94.375,48,48,38,NORTH DAKOTA,0,,,,,,
41.896308,-93.75,48,48,38,NORTH DAKOTA,0,,,,,,
41.896308,-93.125,48,48,38,NORTH DAKOTA,0,,,,,,
41.896308,-92.5,48,48,38,NORTH DAKOTA,0,,,,,,
41.896308,-91.875,48,48,38,NORTH DAKOTA,0,,,,,,
41.896308,-91.25,48,48,38,NORTH DAKOTA,0,,,,,,
41.896308,-90.625,48,48,38,NORTH DAKOTA,0,,,,,,
41.896308,-90,48,48,38,NORTH DAKOTA,0,,,,,,
41.896308,-89.375,48,48,38,NORTH DAKOTA,0,,,,,,
41.896308,-88.75,48,48,38,NORTH DAKOTA,0,,,,,,
41.896308,-88.125,48,48,38,NORTH DAKOTA,0,,,,,,
41.896308,-86.25,48,48,38,NORTH DAKOTA,0,,,,,,
41.896308,-85.625,48,48,38,NORTH DAKOTA,0,,,,,,
41.896308,-85,48,48,38,NORTH DAKOTA,0,,,,,,
41.896308,-84.375,48,48,38,NORTH DAKOTA,0,,,,,,
41.896308,-83.75,48,48,38,NORTH DAKOTA,0,,,,,,
41.896308,-80.625,48,48,38,NORTH DAKOTA,0,,,,,,
41.896308,-80,48,48,38,NORTH DAKOTA,0,,,,,,
41.896308,-79.375,48,48,39,OHIO,3,,,,,,
41.896308,-78.75,48,48,39,OHIO,3,,,,,,
41.896308,-78.125,48,48,39,OHIO,3,,,,,,
41.896308,-77.5,48,48,39,OHIO,3,,,,,,
41.896308,-76.875,48,48,39,OHIO,3,,,,,,
41.896308,-76.25,48,48,39,OHIO,3,,,,,,
41.896308,-75.625,48,48,39,OHIO,3,,,,,,
41.896308,-75,48,48,39,OHIO,3,,,,,,
41.896308,-74.375,48,48,39,OHIO,3,,,,,,
41.896308,-73.75,48,48,39,OHIO,3,,,,,,
41.896308,-73.125,48,48,39,OHIO,3,,,,,,
41.896308,-72.5,48,48,39,OHIO,3,,,,,,
41.896308,-71.875,48,48,39,OHIO,3,,,,,,
41.896308,-71.25,48,48,39,OHIO,3,,,,,,
41.896308,-70.625,48,48,39,OHIO,3,,,,,,
41.896308,-70,48,48,39,OHIO,3,,,,,,
42.521308,-124.375,48,48,39,OHIO,3,,,,,,
42.521308,-123.75,48,48,39,OHIO,3,,,,,,
42.521308,-123.125,48,48,39,OHIO,3,,,,,,
42.521308,-122.5,48,48,39,OHIO,3,,,,,,
42.521308,-121.875,48,48,39,OHIO,3,,,,,,
42.521308,-121.25,48,48,39,OHIO,3,,,,,,
42.521308,-120.625,48,48,39,OHIO,3,,,,,,
42.521308,-120,48,48,39,OHIO,3,,,,,,
42.521308,-119.375,48,48,39,OHIO,3,,,,,,
42.521308,-118.75,48,48,39,OHIO,3,,,,,,
42.521308,-118.125,48,48,39,OHIO,3,,,,,,
42.521308,-117.5,48,48,39,OHIO,3,,,,,,
42.521308,-116.875,48,48,39,OHIO,3,,,,,,
42.521308,-116.25,48,48,39,OHIO,3,,,,,,
42.521308,-115.625,48,48,40,OKLAHOMA,4,,,,,,
42.521308,-115,48,48,40,OKLAHOMA,4,,,,,,
42.521308,-114.375,48,48,40,OKLAHOMA,4,,,,,,
42.521308,-113.75,48,48,40,OKLAHOMA,4,,,,,,
42.521308,-113.125,48,48,40,OKLAHOMA,4,,,,,,
42.521308,-112.5,48,48,40,OKLAHOMA,4,,,,,,
42.521308,-111.875,48,48,40,OKLAHOMA,4,,,,,,
42.521308,-111.25,48,48,40,OKLAHOMA,4,,,,,,
42.521308,-110.625,48,48,40,OKLAHOMA,4,,,,,,
42.521308,-110,48,48,40,OKLAHOMA,4,,,,,,
42.521308,-109.375,48,48,40,OKLAHOMA,4,,,,,,
42.521308,-108.75,48,48,40,OKLAHOMA,4,,,,,,
42.521308,-108.125,48,48,40,OKLAHOMA,4,,,,,,
42.521308,-107.5,48,48,40,OKLAHOMA,4,,,,,,
42.521308,-106.875,48,48,40,OKLAHOMA,4,,,,,,
42.521308,-106.25,48,48,40,OKLAHOMA,4,,,,,,
42.521308,-105.625,48,48,40,OKLAHOMA,4,,,,,,
42.521308,-105,48,48,40,OKLAHOMA,4,,,,,,
42.521308,-104.375,48,48,40,OKLAHOMA,4,,,,,,
42.521308,-103.75,48,48,40,OKLAHOMA,4,,,,,,
42.521308,-103.125,48,48,40,OKLAHOMA,4,,,,,,
42.521308,-102.5,48,48,40,OKLAHOMA,4,,,,,,
42.521308,-101.875,48,48,40,OKLAHOMA,4,,,,,,
42.521308,-101.25,48,48,40,OKLAHOMA,4,,,,,,
42.521308,-100.625,48,48,40,OKLAHOMA,4,,,,,,
42.521308,-100,48,48,40,OKLAHOMA,4,,,,,,
42.521308,-99.375,48,48,40,OKLAHOMA,4,,,,,,
42.521308,-98.75,48,48,40,OKLAHOMA,4,,,,,,
42.521308,-98.125,48,48,40,OKLAHOMA,4,,,,,,
42.521308,-97.5,48,48,40,OKLAHOMA,4,,,,,,
42.521308,-96.875,48,48,40,OKLAHOMA,4,,,,,,
42.521308,-96.25,48,48,40,OKLAHOMA,4,,,,,,
42.521308,-95.625,48,48,40,OKLAHOMA,4,,,,,,
42.521308,-95,48,48,40,OKLAHOMA,4,,,,,,
42.521308,-94.375,48,48,40,OKLAHOMA,4,,,,,,
42.521308,-93.75,48,48,40,OKLAHOMA,4,,,,,,
42.521308,-93.125,48,48,40,OKLAHOMA,4,,,,,,
42.521308,-92.5,48,48,40,OKLAHOMA,4,,,,,,
42.521308,-91.875,48,48,40,OKLAHOMA,4,,,,,,
42.521308,-91.25,48,48,40,OKLAHOMA,4,,,,,,
42.521308,-90.625,48,48,40,OKLAHOMA,4,,,,,,
42.521308,-90,48,48,40,OKLAHOMA,4,,,,,,
42.521308,-89.375,48,48,40,OKLAHOMA,4,,,,,,
42.521308,-88.75,48,48,40,OKLAHOMA,4,,,,,,
42.521308,-88.125,48,48,40,OKLAHOMA,4,,,,,,
42.521308,-85.625,48,48,40,OKLAHOMA,4,,,,,,
42.521308,-85,48,48,40,OKLAHOMA,4,,,,,,
42.521308,-84.375,48,48,40,OKLAHOMA,4,,,,,,
42.521308,-83.75,48,48,41,OREGON,,,,,,,
42.521308,-83.125,48,48,41,OREGON,,,,,,,
42.521308,-78.75,48,48,41,OREGON,,,,,,,
42.521308,-78.125,48,48,41,OREGON,,,,,,,
42.521308,-77.5,48,48,41,OREGON,,,,,,,
42.521308,-76.875,48,48,41,OREGON,,,,,,,
42.521308,-76.25,48,48,41,OREGON,,,,,,,
42.521308,-75.625,48,48,41,OREGON,,,,,,,
42.521308,-75,48,48,41,OREGON,,,,,,,
42.521308,-74.375,48,48,41,OREGON,,,,,,,
42.521308,-73.75,48,48,41,OREGON,,,,,,,
42.521308,-73.125,48,48,41,OREGON,,,,,,,
42.521308,-72.5,48,48,41,OREGON,,,,,,,
42.521308,-71.875,48,48,41,OREGON,,,,,,,
42.521308,-71.25,48,48,41,OREGON,,,,,,,
43.146308,-124.375,48,48,41,OREGON,,,,,,,
43.146308,-123.75,48,48,41,OREGON,,,,,,,
43.146308,-123.125,48,48,41,OREGON,,,,,,,
43.146308,-122.5,48,48,41,OREGON,,,,,,,
43.146308,-121.875,48,48,41,OREGON,,,,,,,
43.146308,-121.25,48,48,41,OREGON,,,,,,,
43.146308,-120.625,48,48,41,OREGON,,,,,,,
43.146308,-120,48,48,41,OREGON,,,,,,,
43.146308,-119.375,48,48,41,OREGON,,,,,,,
43.146308,-118.75,48,48,41,OREGON,,,,,,,
43.146308,-118.125,48,48,41,OREGON,,,,,,,
43.146308,-117.5,48,48,41,OREGON,,,,,,,
43.146308,-116.875,48,48,41,OREGON,,,,,,,
43.146308,-116.25,48,48,41,OREGON,,,,,,,
43.146308,-115.625,48,48,41,OREGON,,,,,,,
43.146308,-115,48,48,41,OREGON,,,,,,,
43.146308,-114.375,48,48,41,OREGON,,,,,,,
43.146308,-113.75,48,48,41,OREGON,,,,,,,
43.146308,-113.125,48,48,41,OREGON,,,,,,,
43.146308,-112.5,48,48,41,OREGON,,,,,,,
43.146308,-111.875,48,48,41,OREGON,,,,,,,
43.146308,-111.25,48,48,41,OREGON,,,,,,,
43.146308,-110.625,48,48,41,OREGON,,,,,,,
43.146308,-110,48,48,41,OREGON,,,,,,,
43.146308,-109.375,48,48,41,OREGON,,,,,,,
43.146308,-108.75,48,48,41,OREGON,,,,,,,
43.146308,-108.125,48,48,41,OREGON,,,,,,,
43.146308,-107.5,48,48,41,OREGON,,,,,,,
43.146308,-106.875,48,48,41,OREGON,,,,,,,
43.146308,-106.25,48,48,41,OREGON,,,,,,,
43.146308,-105.625,48,48,41,OREGON,,,,,,,
43.146308,-105,48,48,41,OREGON,,,,,,,
43.146308,-104.375,48,48,41,OREGON,,,,,,,
43.146308,-103.75,48,48,41,OREGON,,,,,,,
43.146308,-103.125,48,48,41,OREGON,,,,,,,
43.146308,-102.5,48,48,41,OREGON,,,,,,,
43.146308,-101.875,48,48,41,OREGON,,,,,,,
43.146308,-101.25,48,48,41,OREGON,,,,,,,
43.146308,-100.625,48,48,41,OREGON,,,,,,,
43.146308,-100,48,48,41,OREGON,,,,,,,
43.146308,-99.375,48,48,41,OREGON,,,,,,,
43.146308,-98.75,48,48,41,OREGON,,,,,,,
43.146308,-98.125,49,49,41,OREGON,,,,,,,
43.146308,-97.5,49,49,41,OREGON,,,,,,,
43.146308,-96.875,49,49,41,OREGON,,,,,,,
43.146308,-96.25,49,49,41,OREGON,,,,,,,
43.146308,-95.625,49,49,41,OREGON,,,,,,,
43.146308,-95,49,49,41,OREGON,,,,,,,
43.146308,-94.375,49,49,41,OREGON,,,,,,,
43.146308,-93.75,49,49,41,OREGON,,,,,,,
43.146308,-93.125,49,49,41,OREGON,,,,,,,
43.146308,-92.5,49,49,41,OREGON,,,,,,,
43.146308,-91.875,49,49,41,OREGON,,,,,,,
43.146308,-91.25,49,49,41,OREGON,,,,,,,
43.146308,-90.625,49,49,42,PENNSYLVANIA,3,,,,,,
43.146308,-90,49,49,42,PENNSYLVANIA,3,,,,,,
43.146308,-89.375,49,49,42,PENNSYLVANIA,3,,,,,,
43.146308,-88.75,49,49,42,PENNSYLVANIA,3,,,,,,
43.146308,-88.125,49,49,42,PENNSYLVANIA,3,,,,,,
43.146308,-86.25,49,49,42,PENNSYLVANIA,3,,,,,,
43.146308,-85.625,49,49,42,PENNSYLVANIA,3,,,,,,
43.146308,-85,49,49,42,PENNSYLVANIA,3,,,,,,
43.146308,-84.375,49,49,42,PENNSYLVANIA,3,,,,,,
43.146308,-83.75,49,49,42,PENNSYLVANIA,3,,,,,,
43.146308,-83.125,49,49,42,PENNSYLVANIA,3,,,,,,
43.146308,-82.5,49,49,42,PENNSYLVANIA,3,,,,,,
43.146308,-78.75,49,49,42,PENNSYLVANIA,3,,,,,,
43.146308,-78.125,49,49,42,PENNSYLVANIA,3,,,,,,
43.146308,-77.5,49,49,42,PENNSYLVANIA,3,,,,,,
43.146308,-76.875,49,49,42,PENNSYLVANIA,3,,,,,,
43.146308,-76.25,49,49,42,PENNSYLVANIA,3,,,,,,
43.146308,-75.625,49,49,42,PENNSYLVANIA,3,,,,,,
43.146308,-75,49,49,42,PENNSYLVANIA,3,,,,,,
43.146308,-74.375,49,49,42,PENNSYLVANIA,3,,,,,,
43.146308,-73.75,49,49,42,PENNSYLVANIA,3,,,,,,
43.146308,-73.125,49,49,42,PENNSYLVANIA,3,,,,,,
43.146308,-72.5,49,49,42,PENNSYLVANIA,3,,,,,,
43.146308,-71.875,49,49,42,PENNSYLVANIA,3,,,,,,
43.146308,-71.25,49,49,42,PENNSYLVANIA,3,,,,,,
43.146308,-70.625,49,49,42,PENNSYLVANIA,3,,,,,,
43.771308,-123.75,49,49,42,PENNSYLVANIA,3,,,,,,
43.771308,-123.125,49,49,42,PENNSYLVANIA,3,,,,,,
43.771308,-122.5,49,49,42,PENNSYLVANIA,3,,,,,,
43.771308,-121.875,49,49,42,PENNSYLVANIA,3,,,,,,
43.771308,-121.25,49,49,42,PENNSYLVANIA,3,,,,,,
43.771308,-120.625,49,49,42,PENNSYLVANIA,3,,,,,,
43.771308,-120,49,49,42,PENNSYLVANIA,3,,,,,,
43.771308,-119.375,49,49,45,SOUTH CAROLINA,5,,,,,,
43.771308,-118.75,49,49,45,SOUTH CAROLINA,5,,,,,,
43.771308,-118.125,49,49,45,SOUTH CAROLINA,5,,,,,,
43.771308,-117.5,49,49,45,SOUTH CAROLINA,5,,,,,,
43.771308,-116.875,49,49,45,SOUTH CAROLINA,5,,,,,,
43.771308,-116.25,49,49,45,SOUTH CAROLINA,5,,,,,,
43.771308,-115.625,49,49,45,SOUTH CAROLINA,5,,,,,,
43.771308,-115,49,49,45,SOUTH CAROLINA,5,,,,,,
43.771308,-114.375,49,49,45,SOUTH CAROLINA,5,,,,,,
43.771308,-113.75,49,49,45,SOUTH CAROLINA,5,,,,,,
43.771308,-113.125,49,49,45,SOUTH CAROLINA,5,,,,,,
43.771308,-112.5,49,49,45,SOUTH CAROLINA,5,,,,,,
43.771308,-111.875,49,49,45,SOUTH CAROLINA,5,,,,,,
43.771308,-111.25,50,50,45,SOUTH CAROLINA,5,,,,,,
43.771308,-110.625,50,50,45,SOUTH CAROLINA,5,,,,,,
43.771308,-110,50,50,45,SOUTH CAROLINA,5,,,,,,
43.771308,-109.375,50,50,45,SOUTH CAROLINA,5,,,,,,
43.771308,-108.75,50,50,45,SOUTH CAROLINA,5,,,,,,
43.771308,-108.125,50,50,45,SOUTH CAROLINA,5,,,,,,
43.771308,-107.5,50,50,45,SOUTH CAROLINA,5,,,,,,
43.771308,-106.875,51,51,46,SOUTH DAKOTA,1,,,,,,
43.771308,-106.25,51,51,46,SOUTH DAKOTA,1,,,,,,
43.771308,-105.625,51,51,46,SOUTH DAKOTA,1,,,,,,
43.771308,-105,51,51,46,SOUTH DAKOTA,1,,,,,,
43.771308,-104.375,51,51,46,SOUTH DAKOTA,1,,,,,,
43.771308,-103.75,51,51,46,SOUTH DAKOTA,1,,,,,,
43.771308,-103.125,51,51,46,SOUTH DAKOTA,1,,,,,,
43.771308,-102.5,51,51,46,SOUTH DAKOTA,1,,,,,,
43.771308,-101.875,51,51,46,SOUTH DAKOTA,1,,,,,,
43.771308,-101.25,51,51,46,SOUTH DAKOTA,1,,,,,,
43.771308,-100.625,51,51,46,SOUTH DAKOTA,1,,,,,,
43.771308,-100,51,51,46,SOUTH DAKOTA,1,,,,,,
43.771308,-99.375,51,51,46,SOUTH DAKOTA,1,,,,,,
43.771308,-98.75,51,51,46,SOUTH DAKOTA,1,,,,,,
43.771308,-98.125,51,51,46,SOUTH DAKOTA,1,,,,,,
43.771308,-97.5,51,51,46,SOUTH DAKOTA,1,,,,,,
43.771308,-96.875,51,51,46,SOUTH DAKOTA,1,,,,,,
43.771308,-96.25,51,51,46,SOUTH DAKOTA,1,,,,,,
43.771308,-95.625,51,51,46,SOUTH DAKOTA,1,,,,,,
43.771308,-95,51,51,46,SOUTH DAKOTA,1,,,,,,
43.771308,-94.375,51,51,46,SOUTH DAKOTA,1,,,,,,
43.771308,-93.75,51,51,46,SOUTH DAKOTA,1,,,,,,
43.771308,-93.125,51,51,46,SOUTH DAKOTA,1,,,,,,
43.771308,-92.5,51,51,46,SOUTH DAKOTA,1,,,,,,
43.771308,-91.875,51,51,46,SOUTH DAKOTA,1,,,,,,
43.771308,-91.25,53,53,46,SOUTH DAKOTA,1,,,,,,
43.771308,-90.625,53,53,46,SOUTH DAKOTA,1,,,,,,
43.771308,-90,53,53,46,SOUTH DAKOTA,1,,,,,,
43.771308,-89.375,53,53,46,SOUTH DAKOTA,1,,,,,,
43.771308,-88.75,53,53,46,SOUTH DAKOTA,1,,,,,,
43.771308,-88.125,53,53,46,SOUTH DAKOTA,1,,,,,,
43.771308,-86.25,53,53,46,SOUTH DAKOTA,1,,,,,,
43.771308,-85.625,53,53,46,SOUTH DAKOTA,1,,,,,,
43.771308,-85,53,53,46,SOUTH DAKOTA,1,,,,,,
43.771308,-84.375,53,53,46,SOUTH DAKOTA,1,,,,,,
43.771308,-83.125,53,53,46,SOUTH DAKOTA,1,,,,,,
43.771308,-75.625,53,53,46,SOUTH DAKOTA,1,,,,,,
43.771308,-75,53,53,46,SOUTH DAKOTA,1,,,,,,
43.771308,-74.375,53,53,46,SOUTH DAKOTA,1,,,,,,
43.771308,-73.75,53,53,46,SOUTH DAKOTA,1,,,,,,
43.771308,-73.125,53,53,46,SOUTH DAKOTA,1,,,,,,
43.771308,-72.5,53,53,46,SOUTH DAKOTA,1,,,,,,
43.771308,-71.875,53,53,46,SOUTH DAKOTA,1,,,,,,
43.771308,-71.25,53,53,46,SOUTH DAKOTA,1,,,,,,
43.771308,-70.625,53,53,46,SOUTH DAKOTA,1,,,,,,
43.771308,-70,53,53,46,SOUTH DAKOTA,1,,,,,,
44.396308,-123.75,53,53,46,SOUTH DAKOTA,1,,,,,,
44.396308,-123.125,53,53,46,SOUTH DAKOTA,1,,,,,,
44.396308,-122.5,53,53,46,SOUTH DAKOTA,1,,,,,,
44.396308,-121.875,53,53,46,SOUTH DAKOTA,1,,,,,,
44.396308,-121.25,53,53,46,SOUTH DAKOTA,1,,,,,,
44.396308,-120.625,53,53,46,SOUTH DAKOTA,1,,,,,,
44.396308,-120,53,53,46,SOUTH DAKOTA,1,,,,,,
44.396308,-119.375,53,53,46,SOUTH DAKOTA,1,,,,,,
44.396308,-118.75,53,53,46,SOUTH DAKOTA,1,,,,,,
44.396308,-118.125,53,53,46,SOUTH DAKOTA,1,,,,,,
44.396308,-117.5,53,53,46,SOUTH DAKOTA,1,,,,,,
44.396308,-116.875,53,53,46,SOUTH DAKOTA,1,,,,,,
44.396308,-116.25,53,53,46,SOUTH DAKOTA,1,,,,,,
44.396308,-115.625,53,53,46,SOUTH DAKOTA,1,,,,,,
44.396308,-115,53,53,47,TENNESSEE,5,,,,,,
44.396308,-114.375,53,53,47,TENNESSEE,5,,,,,,
44.396308,-113.75,53,53,47,TENNESSEE,5,,,,,,
44.396308,-113.125,53,53,47,TENNESSEE,5,,,,,,
44.396308,-112.5,53,53,47,TENNESSEE,5,,,,,,
44.396308,-111.875,53,53,47,TENNESSEE,5,,,,,,
44.396308,-111.25,53,53,47,TENNESSEE,5,,,,,,
44.396308,-110.625,53,53,47,TENNESSEE,5,,,,,,
44.396308,-110,53,53,47,TENNESSEE,5,,,,,,
44.396308,-109.375,53,53,47,TENNESSEE,5,,,,,,
44.396308,-108.75,53,53,47,TENNESSEE,5,,,,,,
44.396308,-108.125,53,53,47,TENNESSEE,5,,,,,,
44.396308,-107.5,53,53,47,TENNESSEE,5,,,,,,
44.396308,-106.875,53,53,47,TENNESSEE,5,,,,,,
44.396308,-106.25,53,53,47,TENNESSEE,5,,,,,,
44.396308,-105.625,53,53,47,TENNESSEE,5,,,,,,
44.396308,-105,53,53,47,TENNESSEE,5,,,,,,
44.396308,-104.375,53,53,47,TENNESSEE,5,,,,,,
44.396308,-103.75,53,53,47,TENNESSEE,5,,,,,,
44.396308,-103.125,54,54,47,TENNESSEE,5,,,,,,
44.396308,-102.5,54,54,47,TENNESSEE,5,,,,,,
44.396308,-101.875,54,54,47,TENNESSEE,5,,,,,,
44.396308,-101.25,54,54,47,TENNESSEE,5,,,,,,
44.396308,-100.625,54,54,47,TENNESSEE,5,,,,,,
44.396308,-100,54,54,47,TENNESSEE,5,,,,,,
44.396308,-99.375,54,54,47,TENNESSEE,5,,,,,,
44.396308,-98.75,54,54,47,TENNESSEE,5,,,,,,
44.396308,-98.125,54,54,47,TENNESSEE,5,,,,,,
44.396308,-97.5,54,54,47,TENNESSEE,5,,,,,,
44.396308,-96.875,54,54,47,TENNESSEE,5,,,,,,
44.396308,-96.25,54,54,47,TENNESSEE,5,,,,,,
44.396308,-95.625,54,54,47,TENNESSEE,5,,,,,,
44.396308,-95,54,54,48,TEXAS,5,,,,,,
44.396308,-94.375,54,54,48,TEXAS,5,,,,,,
44.396308,-93.75,54,54,48,TEXAS,5,,,,,,
44.396308,-93.125,54,54,48,TEXAS,5,,,,,,
44.396308,-92.5,54,54,48,TEXAS,5,,,,,,
44.396308,-91.875,55,55,48,TEXAS,5,,,,,,
44.396308,-91.25,55,55,48,TEXAS,5,,,,,,
44.396308,-90.625,55,55,48,TEXAS,5,,,,,,
44.396308,-90,55,55,48,TEXAS,5,,,,,,
44.396308,-89.375,55,55,48,TEXAS,5,,,,,,
44.396308,-88.75,55,55,48,TEXAS,5,,,,,,
44.396308,-88.125,55,55,48,TEXAS,5,,,,,,
44.396308,-86.25,55,55,48,TEXAS,5,,,,,,
44.396308,-85.625,55,55,48,TEXAS,5,,,,,,
44.396308,-85,55,55,48,TEXAS,5,,,,,,
44.396308,-84.375,55,55,48,TEXAS,5,,,,,,
44.396308,-83.75,55,55,48,TEXAS,5,,,,,,
44.396308,-75.625,55,55,48,TEXAS,5,,,,,,
44.396308,-75,55,55,48,TEXAS,5,,,,,,
44.396308,-74.375,55,55,48,TEXAS,5,,,,,,
44.396308,-73.75,55,55,48,TEXAS,5,,,,,,
44.396308,-73.125,55,55,48,TEXAS,5,,,,,,
44.396308,-72.5,55,55,48,TEXAS,5,,,,,,
44.396308,-71.875,55,55,48,TEXAS,5,,,,,,
44.396308,-71.25,55,55,48,TEXAS,5,,,,,,
44.396308,-70.625,55,55,48,TEXAS,5,,,,,,
44.396308,-70,55,55,48,TEXAS,5,,,,,,
44.396308,-69.375,55,55,48,TEXAS,5,,,,,,
44.396308,-68.75,55,55,48,TEXAS,5,,,,,,
44.396308,-68.125,55,55,48,TEXAS,5,,,,,,
45.021308,-123.75,55,55,48,TEXAS,5,,,,,,
45.021308,-123.125,55,55,48,TEXAS,5,,,,,,
45.021308,-122.5,55,55,48,TEXAS,5,,,,,,
45.021308,-121.875,55,55,48,TEXAS,5,,,,,,
45.021308,-121.25,55,55,48,TEXAS,5,,,,,,
45.021308,-120.625,55,55,48,TEXAS,5,,,,,,
45.021308,-120,55,55,48,TEXAS,5,,,,,,
45.021308,-119.375,55,55,48,TEXAS,5,,,,,,
45.021308,-118.75,55,55,48,TEXAS,5,,,,,,
45.021308,-118.125,55,55,48,TEXAS,5,,,,,,
45.021308,-117.5,55,55,48,TEXAS,5,,,,,,
45.021308,-116.875,55,55,48,TEXAS,5,,,,,,
45.021308,-116.25,55,55,48,TEXAS,5,,,,,,
45.021308,-115.625,55,55,48,TEXAS,5,,,,,,
45.021308,-115,55,55,48,TEXAS,5,,,,,,
45.021308,-114.375,55,55,48,TEXAS,5,,,,,,
45.021308,-113.75,55,55,48,TEXAS,5,,,,,,
45.021308,-113.125,56,56,48,TEXAS,5,,,,,,
45.021308,-112.5,56,56,48,TEXAS,5,,,,,,
45.021308,-111.875,56,56,48,TEXAS,5,,,,,,
45.021308,-111.25,56,56,48,TEXAS,5,,,,,,
45.021308,-110.625,56,56,48,TEXAS,5,,,,,,
45.021308,-110,56,56,48,TEXAS,5,,,,,,
45.021308,-109.375,56,56,48,TEXAS,5,,,,,,
45.021308,-108.75,56,56,48,TEXAS,5,,,,,,
45.021308,-108.125,56,56,48,TEXAS,5,,,,,,
45.021308,-107.5,56,56,48,TEXAS,5,,,,,,
45.021308,-106.875,56,56,48,TEXAS,5,,,,,,
45.021308,-106.25,56,56,48,TEXAS,5,,,,,,
45.021308,-105.625,56,56,48,TEXAS,5,,,,,,
45.021308,-105,56,56,48,TEXAS,5,,,,,,
45.021308,-104.375,56,56,48,TEXAS,5,,,,,,
45.021308,-103.75,56,56,48,TEXAS,5,,,,,,
45.021308,-103.125,56,56,48,TEXAS,5,,,,,,
45.021308,-102.5,56,56,48,TEXAS,5,,,,,,
45.021308,-101.875,56,56,48,TEXAS,5,,,,,,
45.021308,-101.25,56,56,48,TEXAS,5,,,,,,
45.021308,-100.625,56,56,48,TEXAS,5,,,,,,
45.021308,-100,56,56,48,TEXAS,5,,,,,,
45.021308,-99.375,56,56,48,TEXAS,5,,,,,,
45.021308,-98.75,56,56,48,TEXAS,5,,,,,,
45.021308,-98.125,56,56,48,TEXAS,5,,,,,,
45.021308,-97.5,56,56,48,TEXAS,5,,,,,,
45.021308,-96.875,56,56,48,TEXAS,5,,,,,,
45.021308,-96.25,56,56,48,TEXAS,5,,,,,,
45.021308,-95.625,56,56,48,TEXAS,5,,,,,,
45.021308,-95,56,56,48,TEXAS,5,,,,,,
45.021308,-94.375,56,56,48,TEXAS,5,,,,,,
45.021308,-93.75,56,56,48,TEXAS,5,,,,,,
45.021308,-93.125,56,56,48,TEXAS,5,,,,,,
45.021308,-92.5,56,56,48,TEXAS,5,,,,,,
45.021308,-91.875,56,56,48,TEXAS,5,,,,,,
45.021308,-91.25,56,56,48,TEXAS,5,,,,,,
45.021308,-90.625,56,56,48,TEXAS,5,,,,,,
45.021308,-90,56,56,48,TEXAS,5,,,,,,
45.021308,-89.375,56,56,48,TEXAS,5,,,,,,
45.021308,-88.75,56,56,48,TEXAS,5,,,,,,
45.021308,-88.125,56,56,48,TEXAS,5,,,,,,
45.021308,-85.625,56,56,48,TEXAS,5,,,,,,
45.021308,-85,56,56,48,TEXAS,5,,,,,,
45.021308,-84.375,56,56,48,TEXAS,5,,,,,,
45.021308,-83.75,56,56,48,TEXAS,5,,,,,,
45.021308,-71.25,56,56,48,TEXAS,5,,,,,,
45.021308,-70.625,56,56,48,TEXAS,5,,,,,,
45.021308,-70,56,56,48,TEXAS,5,,,,,,
45.021308,-69.375,56,56,48,TEXAS,5,,,,,,
45.021308,-68.75,56,56,48,TEXAS,5,,,,,,
45.021308,-68.125,56,56,48,TEXAS,5,,,,,,
45.021308,-67.5,56,56,48,TEXAS,5,,,,,,
45.646308,-123.75,56,56,48,TEXAS,5,,,,,,
45.646308,-123.125,56,56,48,TEXAS,5,,,,,,
45.646308,-122.5,56,56,48,TEXAS,5,,,,,,
45.646308,-121.875,56,56,48,TEXAS,5,,,,,,
45.646308,-121.25,56,56,48,TEXAS,5,,,,,,
45.646308,-120.625,56,56,48,TEXAS,5,,,,,,
45.646308,-120,56,56,48,TEXAS,5,,,,,,
45.646308,-119.375,56,56,48,TEXAS,5,,,,,,
45.646308,-118.75,56,56,48,TEXAS,5,,,,,,
45.646308,-118.125,56,56,48,TEXAS,5,,,,,,
45.646308,-117.5,56,56,48,TEXAS,5,,,,,,
45.646308,-116.875,56,56,48,TEXAS,5,,,,,,
45.646308,-116.25,56,56,48,TEXAS,5,,,,,,
45.646308,-115.625,56,56,48,TEXAS,5,,,,,,
45.646308,-115,1,1,48,TEXAS,5,,,,,,
45.646308,-114.375,1,1,48,TEXAS,5,,,,,,
45.646308,-113.75,1,1,48,TEXAS,5,,,,,,
45.646308,-113.125,1,1,48,TEXAS,5,,,,,,
45.646308,-112.5,1,1,48,TEXAS,5,,,,,,
45.646308,-111.875,1,1,48,TEXAS,5,,,,,,
45.646308,-111.25,1,1,48,TEXAS,5,,,,,,
45.646308,-110.625,1,1,48,TEXAS,5,,,,,,
45.646308,-110,1,1,48,TEXAS,5,,,,,,
45.646308,-109.375,1,1,48,TEXAS,5,,,,,,
45.646308,-108.75,1,1,48,TEXAS,5,,,,,,
45.646308,-108.125,1,1,48,TEXAS,5,,,,,,
45.646308,-107.5,1,1,48,TEXAS,5,,,,,,
45.646308,-106.875,1,1,48,TEXAS,5,,,,,,
45.646308,-106.25,1,1,48,TEXAS,5,,,,,,
45.646308,-105.625,1,1,48,TEXAS,5,,,,,,
45.646308,-105,1,1,48,TEXAS,5,,,,,,
45.646308,-104.375,1,1,48,TEXAS,5,,,,,,
45.646308,-103.75,1,1,48,TEXAS,5,,,,,,
45.646308,-103.125,1,1,48,TEXAS,5,,,,,,
45.646308,-102.5,1,1,48,TEXAS,5,,,,,,
45.646308,-101.875,1,1,48,TEXAS,5,,,,,,
45.646308,-101.25,1,1,48,TEXAS,5,,,,,,
45.646308,-100.625,1,1,48,TEXAS,5,,,,,,
45.646308,-100,1,1,48,TEXAS,5,,,,,,
45.646308,-99.375,1,1,48,TEXAS,5,,,,,,
45.646308,-98.75,1,1,48,TEXAS,5,,,,,,
45.646308,-98.125,1,1,48,TEXAS,5,,,,,,
45.646308,-97.5,1,1,48,TEXAS,5,,,,,,
45.646308,-96.875,1,1,48,TEXAS,5,,,,,,
45.646308,-96.25,1,1,48,TEXAS,5,,,,,,
45.646308,-95.625,1,1,48,TEXAS,5,,,,,,
45.646308,-95,4,4,48,TEXAS,5,,,,,,
45.646308,-94.375,4,4,48,TEXAS,5,,,,,,
45.646308,-93.75,4,4,48,TEXAS,5,,,,,,
45.646308,-93.125,4,4,48,TEXAS,5,,,,,,
45.646308,-92.5,4,4,48,TEXAS,5,,,,,,
45.646308,-91.875,4,4,48,TEXAS,5,,,,,,
45.646308,-91.25,4,4,48,TEXAS,5,,,,,,
45.646308,-90.625,4,4,48,TEXAS,5,,,,,,
45.646308,-90,4,4,48,TEXAS,5,,,,,,
45.646308,-89.375,4,4,48,TEXAS,5,,,,,,
45.646308,-88.75,4,4,48,TEXAS,5,,,,,,
45.646308,-88.125,4,4,48,TEXAS,5,,,,,,
45.646308,-87.5,4,4,48,TEXAS,5,,,,,,
45.646308,-85.625,4,4,48,TEXAS,5,,,,,,
45.646308,-85,4,4,48,TEXAS,5,,,,,,
45.646308,-84.375,4,4,48,TEXAS,5,,,,,,
45.646308,-70,4,4,48,TEXAS,5,,,,,,
45.646308,-69.375,4,4,48,TEXAS,5,,,,,,
45.646308,-68.75,4,4,48,TEXAS,5,,,,,,
45.646308,-68.125,4,4,48,TEXAS,5,,,,,,
46.271308,-123.125,4,4,48,TEXAS,5,,,,,,
46.271308,-122.5,4,4,48,TEXAS,5,,,,,,
46.271308,-121.875,4,4,48,TEXAS,5,,,,,,
46.271308,-121.25,4,4,48,TEXAS,5,,,,,,
46.271308,-120.625,4,4,49,UTAH,,,,,,,
46.271308,-120,4,4,49,UTAH,,,,,,,
46.271308,-119.375,4,4,49,UTAH,,,,,,,
46.271308,-118.75,4,4,49,UTAH,,,,,,,
46.271308,-118.125,4,4,49,UTAH,,,,,,,
46.271308,-117.5,4,4,49,UTAH,,,,,,,
46.271308,-116.875,4,4,49,UTAH,,,,,,,
46.271308,-116.25,4,4,49,UTAH,,,,,,,
46.271308,-115.625,4,4,49,UTAH,,,,,,,
46.271308,-115,4,4,49,UTAH,,,,,,,
46.271308,-114.375,4,4,49,UTAH,,,,,,,
46.271308,-113.75,4,4,49,UTAH,,,,,,,
46.271308,-113.125,4,4,49,UTAH,,,,,,,
46.271308,-112.5,4,4,49,UTAH,,,,,,,
46.271308,-111.875,4,4,49,UTAH,,,,,,,
46.271308,-111.25,4,4,49,UTAH,,,,,,,
46.271308,-110.625,4,4,49,UTAH,,,,,,,
46.271308,-110,4,4,49,UTAH,,,,,,,
46.271308,-109.375,4,4,49,UTAH,,,,,,,
46.271308,-108.75,4,4,49,UTAH,,,,,,,
46.271308,-108.125,4,4,49,UTAH,,,,,,,
46.271308,-107.5,4,4,49,UTAH,,,,,,,
46.271308,-106.875,4,4,49,UTAH,,,,,,,
46.271308,-106.25,4,4,49,UTAH,,,,,,,
46.271308,-105.625,4,4,49,UTAH,,,,,,,
46.271308,-105,4,4,49,UTAH,,,,,,,
46.271308,-104.375,4,4,49,UTAH,,,,,,,
46.271308,-103.75,4,4,49,UTAH,,,,,,,
46.271308,-103.125,4,4,49,UTAH,,,,,,,
46.271308,-102.5,4,4,49,UTAH,,,,,,,
46.271308,-101.875,4,4,49,UTAH,,,,,,,
46.271308,-101.25,4,4,49,UTAH,,,,,,,
46.271308,-100.625,4,4,49,UTAH,,,,,,,
46.271308,-100,4,4,49,UTAH,,,,,,,
46.271308,-99.375,4,4,49,UTAH,,,,,,,
46.271308,-98.75,4,4,49,UTAH,,,,,,,
46.271308,-98.125,4,4,49,UTAH,,,,,,,
46.271308,-97.5,4,4,49,UTAH,,,,,,,
46.271308,-96.875,4,4,49,UTAH,,,,,,,
46.271308,-96.25,4,4,49,UTAH,,,,,,,
46.271308,-95.625,4,4,49,UTAH,,,,,,,
46.271308,-95,4,4,49,UTAH,,,,,,,
46.271308,-94.375,4,4,49,UTAH,,,,,,,
46.271308,-93.75,4,4,49,UTAH,,,,,,,
46.271308,-93.125,4,4,49,UTAH,,,,,,,
46.271308,-92.5,4,4,49,UTAH,,,,,,,
46.271308,-91.875,4,4,49,UTAH,,,,,,,
46.271308,-91.25,4,4,49,UTAH,,,,,,,
46.271308,-90.625,4,4,49,UTAH,,,,,,,
46.271308,-90,4,4,49,UTAH,,,,,,,
46.271308,-89.375,4,4,49,UTAH,,,,,,,
46.271308,-88.75,5,5,49,UTAH,,,,,,,
46.271308,-88.125,5,5,49,UTAH,,,,,,,
46.271308,-87.5,5,5,49,UTAH,,,,,,,
46.271308,-86.875,5,5,49,UTAH,,,,,,,
46.271308,-86.25,5,5,49,UTAH,,,,,,,
46.271308,-85.625,5,5,49,UTAH,,,,,,,
46.271308,-85,5,5,49,UTAH,,,,,,,
46.271308,-84.375,5,5,50,VERMONT,1,,,,,,
46.271308,-70,5,5,50,VERMONT,1,,,,,,
46.271308,-69.375,5,5,50,VERMONT,1,,,,,,
46.271308,-68.75,5,5,50,VERMONT,1,,,,,,
46.271308,-68.125,5,5,50,VERMONT,1,,,,,,
46.896308,-123.75,5,5,50,VERMONT,1,,,,,,
46.896308,-123.125,5,5,50,VERMONT,1,,,,,,
46.896308,-122.5,5,5,51,VIRGINIA,4,,,,,,
46.896308,-121.875,5,5,51,VIRGINIA,4,,,,,,
46.896308,-121.25,5,5,51,VIRGINIA,4,,,,,,
46.896308,-120.625,5,5,51,VIRGINIA,4,,,,,,
46.896308,-120,5,5,51,VIRGINIA,4,,,,,,
46.896308,-119.375,5,5,51,VIRGINIA,4,,,,,,
46.896308,-118.75,5,5,51,VIRGINIA,4,,,,,,
46.896308,-118.125,5,5,51,VIRGINIA,4,,,,,,
46.896308,-117.5,5,5,51,VIRGINIA,4,,,,,,
46.896308,-116.875,5,5,51,VIRGINIA,4,,,,,,
46.896308,-116.25,5,5,51,VIRGINIA,4,,,,,,
46.896308,-115.625,5,5,51,VIRGINIA,4,,,,,,
46.896308,-115,5,5,51,VIRGINIA,4,,,,,,
46.896308,-114.375,5,5,51,VIRGINIA,4,,,,,,
46.896308,-113.75,5,5,51,VIRGINIA,4,,,,,,
46.896308,-113.125,5,5,51,VIRGINIA,4,,,,,,
46.896308,-112.5,5,5,51,VIRGINIA,4,,,,,,
46.896308,-111.875,5,5,51,VIRGINIA,4,,,,,,
46.896308,-111.25,5,5,51,VIRGINIA,4,,,,,,
46.896308,-110.625,5,5,51,VIRGINIA,4,,,,,,
46.896308,-110,5,5,51,VIRGINIA,4,,,,,,
46.896308,-109.375,5,5,51,VIRGINIA,4,,,,,,
46.896308,-108.75,5,5,51,VIRGINIA,4,,,,,,
46.896308,-108.125,5,5,51,VIRGINIA,4,,,,,,
46.896308,-107.5,5,5,51,VIRGINIA,4,,,,,,
46.896308,-106.875,5,5,53,WASHINGTON,,,,,,,
46.896308,-106.25,6,6,53,WASHINGTON,,,,,,,
46.896308,-105.625,6,6,53,WASHINGTON,,,,,,,
46.896308,-105,6,6,53,WASHINGTON,,,,,,,
46.896308,-104.375,6,6,53,WASHINGTON,,,,,,,
46.896308,-103.75,6,6,53,WASHINGTON,,,,,,,
46.896308,-103.125,6,6,53,WASHINGTON,,,,,,,
46.896308,-102.5,6,6,53,WASHINGTON,,,,,,,
46.896308,-101.875,6,6,53,WASHINGTON,,,,,,,
46.896308,-101.25,6,6,53,WASHINGTON,,,,,,,
46.896308,-100.625,6,6,53,WASHINGTON,,,,,,,
46.896308,-100,6,6,53,WASHINGTON,,,,,,,
46.896308,-99.375,6,6,53,WASHINGTON,,,,,,,
46.896308,-98.75,6,6,53,WASHINGTON,,,,,,,
46.896308,-98.125,6,6,53,WASHINGTON,,,,,,,
46.896308,-97.5,6,6,53,WASHINGTON,,,,,,,
46.896308,-96.875,6,6,53,WASHINGTON,,,,,,,
46.896308,-96.25,6,6,53,WASHINGTON,,,,,,,
46.896308,-95.625,6,6,53,WASHINGTON,,,,,,,
46.896308,-95,6,6,53,WASHINGTON,,,,,,,
46.896308,-94.375,6,6,53,WASHINGTON,,,,,,,
46.896308,-93.75,6,6,53,WASHINGTON,,,,,,,
46.896308,-93.125,6,6,53,WASHINGTON,,,,,,,
46.896308,-92.5,6,6,53,WASHINGTON,,,,,,,
46.896308,-88.75,6,6,53,WASHINGTON,,,,,,,
46.896308,-88.125,6,6,53,WASHINGTON,,,,,,,
46.896308,-69.375,6,6,53,WASHINGTON,,,,,,,
46.896308,-68.75,6,6,53,WASHINGTON,,,,,,,
46.896308,-68.125,6,6,53,WASHINGTON,,,,,,,
47.521308,-123.75,6,6,53,WASHINGTON,,,,,,,
47.521308,-123.125,6,6,53,WASHINGTON,,,,,,,
47.521308,-122.5,6,6,53,WASHINGTON,,,,,,,
47.521308,-121.875,6,6,53,WASHINGTON,,,,,,,
47.521308,-121.25,6,6,53,WASHINGTON,,,,,,,
47.521308,-120.625,6,6,53,WASHINGTON,,,,,,,
47.521308,-120,6,6,53,WASHINGTON,,,,,,,
47.521308,-119.375,6,6,53,WASHINGTON,,,,,,,
47.521308,-118.75,6,6,53,WASHINGTON,,,,,,,
47.521308,-118.125,6,6,53,WASHINGTON,,,,,,,
47.521308,-117.5,6,6,53,WASHINGTON,,,,,,,
47.521308,-116.875,6,6,53,WASHINGTON,,,,,,,
47.521308,-116.25,6,6,53,WASHINGTON,,,,,,,
47.521308,-115.625,6,6,53,WASHINGTON,,,,,,,
47.521308,-115,6,6,53,WASHINGTON,,,,,,,
47.521308,-114.375,6,6,53,WASHINGTON,,,,,,,
47.521308,-113.75,6,6,53,WASHINGTON,,,,,,,
47.521308,-113.125,6,6,53,WASHINGTON,,,,,,,
47.521308,-112.5,6,6,53,WASHINGTON,,,,,,,
47.521308,-111.875,6,6,53,WASHINGTON,,,,,,,
47.521308,-111.25,6,6,53,WASHINGTON,,,,,,,
47.521308,-110.625,6,6,53,WASHINGTON,,,,,,,
47.521308,-110,6,6,53,WASHINGTON,,,,,,,
47.521308,-109.375,6,6,53,WASHINGTON,,,,,,,
47.521308,-108.75,6,6,53,WASHINGTON,,,,,,,
47.521308,-108.125,6,6,54,WEST VIRGINIA,3,,,,,,
47.521308,-107.5,6,6,54,WEST VIRGINIA,3,,,,,,
47.521308,-106.875,6,6,54,WEST VIRGINIA,3,,,,,,
47.521308,-106.25,6,6,54,WEST VIRGINIA,3,,,,,,
47.521308,-105.625,6,6,54,WEST VIRGINIA,3,,,,,,
47.521308,-105,6,6,54,WEST VIRGINIA,3,,,,,,
47.521308,-104.375,6,6,54,WEST VIRGINIA,3,,,,,,
47.521308,-103.75,6,6,54,WEST VIRGINIA,3,,,,,,
47.521308,-103.125,6,6,54,WEST VIRGINIA,3,,,,,,
47.521308,-102.5,6,6,54,WEST VIRGINIA,3,,,,,,
47.521308,-101.875,6,6,54,WEST VIRGINIA,3,,,,,,
47.521308,-101.25,6,6,54,WEST VIRGINIA,3,,,,,,
47.521308,-100.625,6,6,54,WEST VIRGINIA,3,,,,,,
47.521308,-100,6,6,54,WEST VIRGINIA,3,,,,,,
47.521308,-99.375,6,6,54,WEST VIRGINIA,3,,,,,,
47.521308,-98.75,6,6,54,WEST VIRGINIA,3,,,,,,
47.521308,-98.125,6,6,54,WEST VIRGINIA,3,,,,,,
47.521308,-97.5,6,6,54,WEST VIRGINIA,3,,,,,,
47.521308,-96.875,6,6,55,WISCONSIN,1,,,,,,
47.521308,-96.25,6,6,55,WISCONSIN,1,,,,,,
47.521308,-95.625,6,6,55,WISCONSIN,1,,,,,,
47.521308,-95,6,6,55,WISCONSIN,1,,,,,,
47.521308,-94.375,6,6,55,WISCONSIN,1,,,,,,
47.521308,-93.75,6,6,55,WISCONSIN,1,,,,,,
47.521308,-93.125,6,6,55,WISCONSIN,1,,,,,,
47.521308,-92.5,6,6,55,WISCONSIN,1,,,,,,
47.521308,-91.875,6,6,55,WISCONSIN,1,,,,,,
47.521308,-91.25,6,6,55,WISCONSIN,1,,,,,,
48.146308,-124.375,6,6,55,WISCONSIN,1,,,,,,
48.146308,-123.75,6,6,55,WISCONSIN,1,,,,,,
48.146308,-123.125,6,6,55,WISCONSIN,1,,,,,,
48.146308,-122.5,6,6,55,WISCONSIN,1,,,,,,
48.146308,-121.875,6,6,55,WISCONSIN,1,,,,,,
48.146308,-121.25,6,6,55,WISCONSIN,1,,,,,,
48.146308,-120.625,6,6,55,WISCONSIN,1,,,,,,
48.146308,-120,6,6,55,WISCONSIN,1,,,,,,
48.146308,-119.375,6,6,55,WISCONSIN,1,,,,,,
48.146308,-118.75,6,6,55,WISCONSIN,1,,,,,,
48.146308,-118.125,6,6,55,WISCONSIN,1,,,,,,
48.146308,-117.5,6,6,55,WISCONSIN,1,,,,,,
48.146308,-116.875,6,6,55,WISCONSIN,1,,,,,,
48.146308,-116.25,6,6,55,WISCONSIN,1,,,,,,
48.146308,-115.625,6,6,55,WISCONSIN,1,,,,,,
48.146308,-115,6,6,55,WISCONSIN,1,,,,,,
48.146308,-114.375,6,6,55,WISCONSIN,1,,,,,,
48.146308,-113.75,6,6,55,WISCONSIN,1,,,,,,
48.146308,-113.125,6,6,55,WISCONSIN,1,,,,,,
48.146308,-112.5,6,6,55,WISCONSIN,1,,,,,,
48.146308,-111.875,6,6,55,WISCONSIN,1,,,,,,
48.146308,-111.25,6,6,55,WISCONSIN,1,,,,,,
48.146308,-110.625,6,6,55,WISCONSIN,1,,,,,,
48.146308,-110,6,6,55,WISCONSIN,1,,,,,,
48.146308,-109.375,6,6,55,WISCONSIN,1,,,,,,
48.146308,-108.75,6,6,55,WISCONSIN,1,,,,,,
48.146308,-108.125,6,6,55,WISCONSIN,1,,,,,,
48.146308,-107.5,8,8,55,WISCONSIN,1,,,,,,
48.146308,-106.875,8,8,55,WISCONSIN,1,,,,,,
48.146308,-106.25,8,8,55,WISCONSIN,1,,,,,,
48.146308,-105.625,8,8,55,WISCONSIN,1,,,,,,
48.146308,-105,8,8,55,WISCONSIN,1,,,,,,
48.146308,-104.375,8,8,56,WYOMING,0,,,,,,
48.146308,-103.75,8,8,56,WYOMING,0,,,,,,
48.146308,-103.125,8,8,56,WYOMING,0,,,,,,
48.146308,-102.5,8,8,56,WYOMING,0,,,,,,
48.146308,-101.875,8,8,56,WYOMING,0,,,,,,
48.146308,-101.25,8,8,56,WYOMING,0,,,,,,
48.146308,-100.625,8,8,56,WYOMING,0,,,,,,
48.146308,-100,8,8,56,WYOMING,0,,,,,,
48.146308,-99.375,8,8,56,WYOMING,0,,,,,,
48.146308,-98.75,8,8,56,WYOMING,0,,,,,,
48.146308,-98.125,8,8,56,WYOMING,0,,,,,,
48.146308,-97.5,8,8,56,WYOMING,0,,,,,,
48.146308,-96.875,8,8,56,WYOMING,0,,,,,,
48.146308,-96.25,8,8,56,WYOMING,0,,,,,,
48.146308,-95.625,8,8,56,WYOMING,0,,,,,,
48.146308,-95,8,8,56,WYOMING,0,,,,,,
48.146308,-94.375,8,8,56,WYOMING,0,,,,,,
48.146308,-93.75,8,8,56,WYOMING,0,,,,,,
48.146308,-93.125,8,8,56,WYOMING,0,,,,,,
48.146308,-92.5,8,8,56,WYOMING,0,,,,,,
48.146308,-91.875,8,8,56,WYOMING,0,,,,,,
48.771308,-122.5,8,8,56,WYOMING,0,,,,,,
48.771308,-121.875,8,8,56,WYOMING,0,,,,,,
48.771308,-121.25,8,8,56,WYOMING,0,,,,,,
48.771308,-120.625,8,8,56,WYOMING,0,,,,,,
48.771308,-120,8,8,56,WYOMING,0,,,,,,
48.771308,-119.375,8,8,56,WYOMING,0,,,,,,
48.771308,-118.75,8,8,56,WYOMING,0,,,,,,
48.771308,-118.125,8,8,56,WYOMING,0,,,,,,
48.771308,-117.5,8,8,56,WYOMING,0,,,,,,
48.771308,-116.875,8,8,56,WYOMING,0,,,,,,
48.771308,-116.25,8,8,56,WYOMING,0,,,,,,
48.771308,-115.625,8,8,56,WYOMING,0,,,,,,
48.771308,-115,8,8,56,WYOMING,0,,,,,,
48.771308,-114.375,8,8,56,WYOMING,0,,,,,,
48.771308,-113.75,8,8,56,WYOMING,0,,,,,,
48.771308,-113.125,8,8,56,WYOMING,0,,,,,,
48.771308,-112.5,8,8,56,WYOMING,0,,,,,,
48.771308,-111.875,8,8,56,WYOMING,0,,,,,,
48.771308,-111.25,8,8,56,WYOMING,0,,,,,,
48.771308,-110.625,8,8,56,WYOMING,0,,,,,,
48.771308,-110,8,8,56,WYOMING,0,,,,,,
48.771308,-109.375,8,8,56,WYOMING,0,,,,,,
48.771308,-108.75,8,8,56,WYOMING,0,,,,,,
48.771308,-108.125,8,8,56,WYOMING,0,,,,,,
48.771308,-107.5,8,8,56,WYOMING,0,,,,,,
48.771308,-106.875,8,8,56,WYOMING,0,,,,,,
48.771308,-106.25,8,8,56,WYOMING,0,,,,,,
48.771308,-105.625,8,8,56,WYOMING,0,,,,,,
48.771308,-105,8,8,56,WYOMING,0,,,,,,
48.771308,-104.375,8,8,56,WYOMING,0,,,,,,
48.771308,-103.75,8,8,56,WYOMING,0,,,,,,
48.771308,-103.125,8,8,56,WYOMING,0,,,,,,
48.771308,-102.5,8,8,56,WYOMING,0,,,,,,
48.771308,-101.875,8,8,56,WYOMING,0,,,,,,
48.771308,-101.25,8,8,56,WYOMING,0,,,,,,
48.771308,-100.625,8,8,56,WYOMING,0,,,,,,
48.771308,-100,8,8,56,WYOMING,0,,,,,,
48.771308,-99.375,8,8,56,WYOMING,0,,,,,,
48.771308,-98.75,8,8,56,WYOMING,0,,,,,,
48.771308,-98.125,8,8,56,WYOMING,0,,,,,,
48.771308,-97.5,9,9,56,WYOMING,0,,,,,,
48.771308,-96.875,9,9,56,WYOMING,0,,,,,,
48.771308,-96.25,9,9,56,WYOMING,0,,,,,,
48.771308,-95.625,9,9,56,WYOMING,0,,,,,,
48.771308,-95,9,9,56,WYOMING,0,,,,,,
